frame_idx,timestamp,status,object_class,distance,roi_coverage
0,1744995836.885678,CLEAR,none,inf,0.0
1,1744995841.383435,CLEAR,none,inf,0.0
2,1744995845.9127545,CLEAR,none,inf,0.0
3,1744995850.735972,CLEAR,none,inf,0.0
4,1744995855.4033947,CLEAR,none,inf,0.0
5,1744995859.970506,WARNING,person,8.96,0.000
6,1744995864.7765462,WARNING,person,8.69,0.000
7,1744995870.4726505,CLEAR,none,inf,0.0
8,1744995876.3526464,CLEAR,none,inf,0.0
9,1744995883.036523,WARNING,person,7.85,0.000
10,1744995890.195614,CLEAR,none,inf,0.0
11,1744995897.3788064,CLEAR,none,inf,0.0
12,1744995904.4959943,CLEAR,none,inf,0.0
13,1744995911.7468433,CLEAR,none,inf,0.0
14,1744995919.1051,CLEAR,none,inf,0.0
15,1744995926.3386664,CLEAR,none,inf,0.0
16,1744995933.5917978,CLEAR,none,inf,0.0
17,1744995940.95429,CLEAR,none,inf,0.0
18,1744995948.0874257,CLEAR,none,inf,0.0
19,1744995955.417454,CLEAR,none,inf,0.0
20,1744995962.4492195,WARNING,train,7.40,0.062
21,1744995969.7695184,CLEAR,none,inf,0.0
22,1744995976.9694111,CLEAR,none,inf,0.0
23,1744995984.247465,WARNING,car,9.87,0.089
24,1744995991.5551481,WARNING,car,9.58,0.094
25,1744995998.7733755,WARNING,car,9.42,0.101
26,1744996006.1268244,WARNING,car,9.15,0.109
27,1744996012.225012,WARNING,car,8.87,0.121
28,1744996019.8816965,WARNING,car,8.72,0.125
29,1744996026.957199,WARNING,car,8.60,0.128
30,1744996033.3857572,WARNING,car,8.59,0.136
31,1744996038.7065966,WARNING,car,8.34,0.133
32,1744996043.7792895,WARNING,car,8.08,0.116
32,1744996043.7792895,WARNING,person,6.46,0.000
33,1744996049.650987,WARNING,car,8.17,0.130
34,1744996055.6604524,WARNING,car,8.30,0.128
35,1744996061.635154,WARNING,car,7.74,0.125
36,1744996068.0340388,WARNING,car,7.42,0.130
37,1744996074.2611287,WARNING,car,7.32,0.136
38,1744996080.2511306,WARNING,car,6.83,0.112
39,1744996086.3329585,WARNING,car,6.34,0.090
39,1744996086.3329585,WARNING,person,6.97,0.000
40,1744996092.686819,WARNING,car,6.29,0.090
41,1744996098.4404638,WARNING,car,5.84,0.089
41,1744996098.4404638,WARNING,person,6.44,0.000
42,1744996104.304673,WARNING,car,5.46,0.081
42,1744996104.304673,WARNING,person,6.55,0.000
42,1744996104.304673,WARNING,person,6.22,0.000
43,1744996111.0031393,WARNING,car,5.25,0.082
43,1744996111.0031393,WARNING,person,6.34,0.000
44,1744996116.9026856,WARNING,car,4.85,0.071
45,1744996123.018393,WARNING,car,4.50,0.045
46,1744996129.3968322,WARNING,car,4.24,0.038
47,1744996135.4776852,WARNING,car,3.99,0.035
48,1744996141.815795,WARNING,car,3.82,0.023
49,1744996148.324004,WARNING,car,3.60,0.025
50,1744996154.5861838,WARNING,car,3.41,0.023
51,1744996160.7599094,WARNING,car,3.41,0.016
52,1744996166.9362226,WARNING,car,3.38,0.005
53,1744996173.7042267,WARNING,car,3.39,0.002
54,1744996180.3391423,WARNING,car,3.31,0.000
55,1744996187.2696772,WARNING,car,3.33,0.000
56,1744996193.9625866,WARNING,car,3.45,0.000
57,1744996199.9913802,WARNING,car,3.48,0.000
58,1744996207.3998106,WARNING,car,3.57,0.000
58,1744996207.3998106,WARNING,car,3.47,0.000
59,1744996213.480303,WARNING,car,3.61,0.000
60,1744996219.961637,WARNING,car,3.69,0.000
61,1744996225.9872012,WARNING,car,3.57,0.000
62,1744996231.6520228,CLEAR,none,inf,0.0
63,1744996237.4080365,WARNING,car,3.49,0.000
64,1744996243.29502,WARNING,car,3.49,0.000
65,1744996249.0698159,CLEAR,none,inf,0.0
66,1744996254.9068272,CLEAR,none,inf,0.0
67,1744996260.6244037,CLEAR,none,inf,0.0
68,1744996266.7662394,CLEAR,none,inf,0.0
69,1744996272.6218421,CLEAR,none,inf,0.0
70,1744996278.3991807,CLEAR,none,inf,0.0
71,1744996284.2891738,CLEAR,none,inf,0.0
72,1744996290.2759283,CLEAR,none,inf,0.0
73,1744996296.439182,CLEAR,none,inf,0.0
74,1744996302.156545,CLEAR,none,inf,0.0
75,1744996308.3370013,CLEAR,none,inf,0.0
76,1744996314.2969866,CLEAR,none,inf,0.0
77,1744996320.4487245,CLEAR,none,inf,0.0
78,1744996326.4171004,CLEAR,none,inf,0.0
79,1744996332.7132063,CLEAR,none,inf,0.0
80,1744996338.6847146,CLEAR,none,inf,0.0
81,1744996344.2962637,CLEAR,none,inf,0.0
82,1744996350.0789144,CLEAR,none,inf,0.0
83,1744996356.0329466,CLEAR,none,inf,0.0
84,1744996361.7848227,CLEAR,none,inf,0.0
85,1744996367.587728,CLEAR,none,inf,0.0
86,1744996373.647104,WARNING,motorcycle,9.97,0.040
87,1744996379.7554395,WARNING,person,9.27,0.000
87,1744996379.7554395,WARNING,motorcycle,9.09,0.014
88,1744996386.0110028,WARNING,person,9.10,0.000
88,1744996386.0110028,WARNING,motorcycle,8.96,0.000
89,1744996392.2092705,WARNING,person,9.77,0.018
89,1744996392.2092705,WARNING,motorcycle,8.09,0.000
89,1744996392.2092705,WARNING,person,8.22,0.000
90,1744996398.269496,WARNING,person,9.41,0.019
90,1744996398.269496,WARNING,motorcycle,7.98,0.000
90,1744996398.269496,WARNING,person,8.17,0.000
91,1744996404.1571345,WARNING,person,9.28,0.022
91,1744996404.1571345,WARNING,motorcycle,7.82,0.000
91,1744996404.1571345,WARNING,motorcycle,9.86,0.000
91,1744996404.1571345,WARNING,motorcycle,9.96,0.000
91,1744996404.1571345,WARNING,person,7.84,0.000
92,1744996410.3635018,WARNING,person,9.22,0.024
92,1744996410.3635018,WARNING,motorcycle,9.71,0.000
93,1744996416.3646052,WARNING,person,9.07,0.020
93,1744996416.3646052,WARNING,motorcycle,9.98,0.000
94,1744996422.4281068,WARNING,person,8.85,0.026
94,1744996422.4281068,WARNING,motorcycle,9.91,0.000
95,1744996428.3832989,WARNING,person,8.62,0.026
96,1744996434.3804018,WARNING,person,8.91,0.024
97,1744996440.3370743,WARNING,person,8.98,0.035
98,1744996446.5369728,WARNING,person,8.87,0.032
99,1744996453.1605194,WARNING,person,9.00,0.030
100,1744996459.188086,WARNING,person,8.82,0.027
100,1744996459.188086,WARNING,airplane,6.05,0.000
101,1744996465.5695844,WARNING,person,9.74,0.032
101,1744996465.5695844,WARNING,motorcycle,6.06,0.000
102,1744996472.5059454,WARNING,person,8.79,0.036
102,1744996472.5059454,WARNING,motorcycle,6.12,0.000
102,1744996472.5059454,WARNING,motorcycle,7.56,0.000
102,1744996472.5059454,WARNING,motorcycle,6.55,0.000
103,1744996480.2077756,WARNING,person,9.17,0.038
103,1744996480.2077756,WARNING,motorcycle,8.33,0.000
103,1744996480.2077756,WARNING,motorcycle,6.45,0.000
103,1744996480.2077756,WARNING,motorcycle,6.98,0.000
104,1744996488.0352418,WARNING,person,9.69,0.041
104,1744996488.0352418,WARNING,motorcycle,8.07,0.000
104,1744996488.0352418,WARNING,motorcycle,7.27,0.000
105,1744996495.9321024,WARNING,person,9.42,0.041
105,1744996495.9321024,WARNING,motorcycle,6.87,0.000
105,1744996495.9321024,WARNING,motorcycle,8.56,0.000
105,1744996495.9321024,WARNING,motorcycle,8.42,0.000
105,1744996495.9321024,WARNING,motorcycle,6.73,0.000
106,1744996503.8301644,WARNING,motorcycle,7.34,0.000
106,1744996503.8301644,WARNING,motorcycle,7.32,0.000
107,1744996511.4600885,WARNING,motorcycle,7.51,0.000
107,1744996511.4600885,WARNING,motorcycle,8.24,0.000
107,1744996511.4600885,WARNING,motorcycle,7.88,0.000
107,1744996511.4600885,WARNING,motorcycle,7.58,0.000
108,1744996519.218357,WARNING,person,9.69,0.043
108,1744996519.218357,WARNING,motorcycle,7.26,0.000
108,1744996519.218357,WARNING,motorcycle,7.28,0.000
108,1744996519.218357,WARNING,motorcycle,8.26,0.000
108,1744996519.218357,WARNING,motorcycle,7.81,0.000
109,1744996527.663171,WARNING,motorcycle,7.35,0.000
109,1744996527.663171,WARNING,motorcycle,7.66,0.000
109,1744996527.663171,WARNING,motorcycle,9.02,0.000
109,1744996527.663171,WARNING,motorcycle,7.37,0.000
110,1744996535.9680288,WARNING,motorcycle,7.62,0.000
110,1744996535.9680288,WARNING,motorcycle,7.38,0.000
110,1744996535.9680288,WARNING,motorcycle,8.43,0.000
110,1744996535.9680288,WARNING,motorcycle,8.53,0.000
111,1744996543.8627682,WARNING,motorcycle,8.39,0.000
111,1744996543.8627682,WARNING,motorcycle,7.10,0.000
111,1744996543.8627682,WARNING,motorcycle,7.07,0.000
111,1744996543.8627682,WARNING,motorcycle,7.06,0.000
112,1744996551.728364,WARNING,person,9.58,0.000
112,1744996551.728364,WARNING,motorcycle,7.95,0.000
112,1744996551.728364,WARNING,motorcycle,9.27,0.000
112,1744996551.728364,WARNING,motorcycle,6.92,0.005
112,1744996551.728364,WARNING,motorcycle,7.08,0.003
112,1744996551.728364,WARNING,motorcycle,7.76,0.002
113,1744996559.846903,WARNING,person,9.45,0.000
113,1744996559.846903,WARNING,motorcycle,9.37,0.000
113,1744996559.846903,WARNING,motorcycle,6.31,0.003
113,1744996559.846903,WARNING,motorcycle,9.14,0.007
113,1744996559.846903,WARNING,motorcycle,7.86,0.003
113,1744996559.846903,WARNING,motorcycle,7.81,0.003
113,1744996559.846903,WARNING,motorcycle,7.75,0.000
114,1744996567.9431694,WARNING,person,8.59,0.000
114,1744996567.9431694,WARNING,motorcycle,8.41,0.000
114,1744996567.9431694,WARNING,motorcycle,6.95,0.007
114,1744996567.9431694,WARNING,motorcycle,5.64,0.000
114,1744996567.9431694,WARNING,motorcycle,8.71,0.011
114,1744996567.9431694,WARNING,motorcycle,5.65,0.001
114,1744996567.9431694,WARNING,motorcycle,6.94,0.005
115,1744996575.9633374,WARNING,person,8.13,0.000
115,1744996575.9633374,WARNING,motorcycle,6.63,0.005
115,1744996575.9633374,WARNING,motorcycle,7.87,0.000
115,1744996575.9633374,WARNING,motorcycle,7.29,0.017
115,1744996575.9633374,WARNING,motorcycle,5.27,0.000
115,1744996575.9633374,WARNING,motorcycle,5.31,0.004
115,1744996575.9633374,WARNING,motorcycle,6.62,0.005
116,1744996584.151046,WARNING,person,8.44,0.000
116,1744996584.151046,WARNING,motorcycle,6.89,0.013
116,1744996584.151046,WARNING,motorcycle,5.69,0.003
116,1744996584.151046,WARNING,motorcycle,9.93,0.004
116,1744996584.151046,WARNING,motorcycle,6.86,0.002
116,1744996584.151046,WARNING,motorcycle,7.63,0.012
116,1744996584.151046,WARNING,motorcycle,5.00,0.000
116,1744996584.151046,WARNING,motorcycle,4.97,0.000
116,1744996584.151046,WARNING,motorcycle,9.30,0.002
117,1744996592.2801716,WARNING,person,8.20,0.000
117,1744996592.2801716,WARNING,motorcycle,7.55,0.021
117,1744996592.2801716,WARNING,motorcycle,6.45,0.000
117,1744996592.2801716,WARNING,motorcycle,7.55,0.012
117,1744996592.2801716,WARNING,motorcycle,4.37,0.000
117,1744996592.2801716,WARNING,motorcycle,6.43,0.000
117,1744996592.2801716,WARNING,car,7.29,0.000
117,1744996592.2801716,WARNING,motorcycle,9.64,0.004
117,1744996592.2801716,WARNING,motorcycle,9.53,0.000
118,1744996600.323,WARNING,person,7.50,0.000
118,1744996600.323,WARNING,motorcycle,6.89,0.019
118,1744996600.323,WARNING,motorcycle,9.58,0.015
118,1744996600.323,WARNING,motorcycle,8.50,0.000
118,1744996600.323,WARNING,motorcycle,7.03,0.021
118,1744996600.323,WARNING,motorcycle,4.86,0.000
118,1744996600.323,WARNING,motorcycle,5.84,0.000
119,1744996609.0679665,WARNING,person,7.70,0.000
119,1744996609.0679665,WARNING,motorcycle,8.78,0.000
119,1744996609.0679665,WARNING,motorcycle,5.38,0.017
119,1744996609.0679665,WARNING,motorcycle,9.11,0.007
119,1744996609.0679665,WARNING,motorcycle,8.71,0.014
119,1744996609.0679665,WARNING,motorcycle,4.78,0.000
119,1744996609.0679665,WARNING,motorcycle,6.06,0.023
120,1744996618.217168,WARNING,motorcycle,8.62,0.000
120,1744996618.217168,WARNING,motorcycle,5.76,0.007
120,1744996618.217168,WARNING,person,7.96,0.000
120,1744996618.217168,WARNING,motorcycle,8.26,0.021
120,1744996618.217168,WARNING,motorcycle,4.30,0.000
120,1744996618.217168,WARNING,motorcycle,4.35,0.000
121,1744996627.420308,WARNING,person,7.66,0.000
121,1744996627.420308,WARNING,motorcycle,5.34,0.004
121,1744996627.420308,WARNING,motorcycle,7.64,0.018
121,1744996627.420308,WARNING,motorcycle,8.37,0.000
121,1744996627.420308,WARNING,motorcycle,4.04,0.000
121,1744996627.420308,WARNING,motorcycle,7.67,0.012
121,1744996627.420308,WARNING,motorcycle,4.11,0.000
122,1744996636.3807578,WARNING,motorcycle,7.04,0.025
122,1744996636.3807578,WARNING,motorcycle,5.14,0.005
122,1744996636.3807578,WARNING,person,7.68,0.000
122,1744996636.3807578,WARNING,motorcycle,8.04,0.000
122,1744996636.3807578,WARNING,motorcycle,9.34,0.022
122,1744996636.3807578,WARNING,motorcycle,3.76,0.000
122,1744996636.3807578,WARNING,motorcycle,5.32,0.021
123,1744996645.6206143,WARNING,motorcycle,7.63,0.034
123,1744996645.6206143,WARNING,motorcycle,5.13,0.000
123,1744996645.6206143,WARNING,person,8.03,0.000
123,1744996645.6206143,WARNING,motorcycle,7.63,0.000
123,1744996645.6206143,WARNING,person,8.14,0.000
123,1744996645.6206143,WARNING,motorcycle,5.44,0.016
123,1744996645.6206143,WARNING,motorcycle,9.10,0.022
123,1744996645.6206143,WARNING,motorcycle,7.96,0.000
124,1744996655.0320294,WARNING,person,7.26,0.000
124,1744996655.0320294,WARNING,motorcycle,6.81,0.014
124,1744996655.0320294,WARNING,motorcycle,4.51,0.000
124,1744996655.0320294,WARNING,motorcycle,8.18,0.024
124,1744996655.0320294,WARNING,motorcycle,7.01,0.000
124,1744996655.0320294,WARNING,person,7.59,0.000
124,1744996655.0320294,WARNING,motorcycle,6.63,0.000
124,1744996655.0320294,WARNING,motorcycle,6.91,0.005
124,1744996655.0320294,WARNING,motorcycle,8.19,0.004
125,1744996664.8085604,WARNING,person,7.29,0.000
125,1744996664.8085604,WARNING,motorcycle,6.62,0.009
125,1744996664.8085604,WARNING,motorcycle,8.48,0.036
125,1744996664.8085604,WARNING,motorcycle,4.24,0.000
125,1744996664.8085604,WARNING,motorcycle,6.99,0.000
125,1744996664.8085604,WARNING,person,7.65,0.000
125,1744996664.8085604,WARNING,motorcycle,7.10,0.000
125,1744996664.8085604,WARNING,motorcycle,6.71,0.000
125,1744996664.8085604,WARNING,motorcycle,7.76,0.000
126,1744996674.0348444,WARNING,person,7.58,0.000
126,1744996674.0348444,WARNING,motorcycle,7.46,0.010
126,1744996674.0348444,WARNING,motorcycle,6.21,0.003
126,1744996674.0348444,WARNING,motorcycle,8.73,0.000
126,1744996674.0348444,WARNING,person,7.44,0.000
126,1744996674.0348444,WARNING,motorcycle,9.11,0.020
126,1744996674.0348444,WARNING,motorcycle,4.14,0.000
127,1744996682.6098416,WARNING,person,7.20,0.000
127,1744996682.6098416,WARNING,motorcycle,8.31,0.026
127,1744996682.6098416,WARNING,motorcycle,5.27,0.000
127,1744996682.6098416,WARNING,motorcycle,6.39,0.011
127,1744996682.6098416,WARNING,motorcycle,8.13,0.000
127,1744996682.6098416,WARNING,motorcycle,9.95,0.015
127,1744996682.6098416,WARNING,motorcycle,5.61,0.000
128,1744996691.5933383,WARNING,person,7.02,0.000
128,1744996691.5933383,WARNING,motorcycle,5.85,0.008
128,1744996691.5933383,WARNING,motorcycle,7.72,0.030
128,1744996691.5933383,WARNING,motorcycle,5.30,0.000
128,1744996691.5933383,WARNING,motorcycle,9.48,0.009
128,1744996691.5933383,WARNING,motorcycle,8.26,0.000
128,1744996691.5933383,WARNING,motorcycle,8.29,0.000
129,1744996700.7585135,WARNING,person,7.44,0.000
129,1744996700.7585135,WARNING,motorcycle,4.59,0.000
129,1744996700.7585135,WARNING,motorcycle,7.15,0.010
129,1744996700.7585135,WARNING,motorcycle,9.22,0.023
129,1744996700.7585135,WARNING,motorcycle,4.57,0.000
129,1744996700.7585135,WARNING,motorcycle,7.65,0.000
129,1744996700.7585135,WARNING,motorcycle,6.98,0.004
129,1744996700.7585135,WARNING,motorcycle,9.24,0.015
129,1744996700.7585135,WARNING,motorcycle,9.16,0.000
130,1744996710.2351542,WARNING,motorcycle,7.23,0.006
130,1744996710.2351542,WARNING,person,7.20,0.000
130,1744996710.2351542,WARNING,motorcycle,4.06,0.000
130,1744996710.2351542,WARNING,motorcycle,8.91,0.020
130,1744996710.2351542,WARNING,motorcycle,3.95,0.000
130,1744996710.2351542,WARNING,motorcycle,8.14,0.000
130,1744996710.2351542,WARNING,motorcycle,9.06,0.017
130,1744996710.2351542,WARNING,motorcycle,7.33,0.000
131,1744996720.030895,WARNING,person,6.86,0.000
131,1744996720.030895,WARNING,motorcycle,6.65,0.000
131,1744996720.030895,WARNING,motorcycle,8.47,0.024
131,1744996720.030895,WARNING,motorcycle,6.90,0.000
131,1744996720.030895,WARNING,motorcycle,4.40,0.000
131,1744996720.030895,WARNING,motorcycle,8.34,0.010
131,1744996720.030895,WARNING,motorcycle,5.51,0.000
131,1744996720.030895,WARNING,motorcycle,8.33,0.000
132,1744996729.4410477,WARNING,person,7.21,0.000
132,1744996729.4410477,WARNING,motorcycle,6.23,0.000
132,1744996729.4410477,WARNING,motorcycle,7.89,0.024
132,1744996729.4410477,WARNING,motorcycle,4.40,0.000
132,1744996729.4410477,WARNING,motorcycle,8.16,0.000
132,1744996729.4410477,WARNING,motorcycle,7.89,0.003
132,1744996729.4410477,WARNING,motorcycle,4.71,0.000
133,1744996737.5817509,WARNING,person,7.13,0.000
133,1744996737.5817509,WARNING,motorcycle,4.94,0.000
133,1744996737.5817509,WARNING,motorcycle,7.32,0.020
133,1744996737.5817509,WARNING,motorcycle,7.73,0.000
133,1744996737.5817509,WARNING,motorcycle,7.30,0.010
133,1744996737.5817509,WARNING,motorcycle,4.29,0.000
133,1744996737.5817509,WARNING,motorcycle,5.80,0.000
134,1744996746.8114974,WARNING,person,6.90,0.000
134,1744996746.8114974,WARNING,motorcycle,7.15,0.011
134,1744996746.8114974,WARNING,motorcycle,5.57,0.004
134,1744996746.8114974,WARNING,motorcycle,7.61,0.000
134,1744996746.8114974,WARNING,motorcycle,7.06,0.010
134,1744996746.8114974,WARNING,motorcycle,7.42,0.006
134,1744996746.8114974,WARNING,motorcycle,4.05,0.000
134,1744996746.8114974,WARNING,motorcycle,8.17,0.007
135,1744996754.9508665,WARNING,person,7.30,0.000
135,1744996754.9508665,WARNING,motorcycle,6.48,0.013
135,1744996754.9508665,WARNING,motorcycle,4.63,0.000
135,1744996754.9508665,WARNING,motorcycle,7.39,0.000
135,1744996754.9508665,WARNING,motorcycle,7.43,0.000
135,1744996754.9508665,WARNING,motorcycle,6.45,0.011
136,1744996764.839641,WARNING,person,7.36,0.000
136,1744996764.839641,WARNING,motorcycle,6.02,0.004
136,1744996764.839641,WARNING,motorcycle,8.94,0.000
136,1744996764.839641,WARNING,motorcycle,4.71,0.004
136,1744996764.839641,WARNING,motorcycle,6.02,0.000
136,1744996764.839641,WARNING,motorcycle,4.70,0.000
137,1744996774.491549,WARNING,person,7.56,0.000
137,1744996774.491549,WARNING,motorcycle,4.51,0.000
137,1744996774.491549,WARNING,motorcycle,6.48,0.000
138,1744996783.9540603,WARNING,person,5.30,0.000
138,1744996783.9540603,WARNING,motorcycle,4.86,0.000
138,1744996783.9540603,WARNING,motorcycle,6.84,0.000
138,1744996783.9540603,WARNING,motorcycle,5.46,0.000
138,1744996783.9540603,WARNING,motorcycle,7.48,0.000
138,1744996783.9540603,WARNING,motorcycle,5.72,0.000
139,1744996793.4457867,WARNING,person,6.50,0.011
139,1744996793.4457867,WARNING,motorcycle,4.97,0.000
139,1744996793.4457867,WARNING,motorcycle,9.35,0.000
139,1744996793.4457867,WARNING,motorcycle,5.22,0.000
139,1744996793.4457867,WARNING,motorcycle,5.49,0.000
139,1744996793.4457867,WARNING,motorcycle,5.44,0.000
139,1744996793.4457867,WARNING,motorcycle,6.40,0.000
140,1744996802.3879938,WARNING,person,7.64,0.000
140,1744996802.3879938,WARNING,person,7.85,0.089
140,1744996802.3879938,WARNING,motorcycle,6.16,0.000
140,1744996802.3879938,WARNING,motorcycle,8.70,0.000
140,1744996802.3879938,WARNING,motorcycle,4.60,0.000
141,1744996811.369661,WARNING,person,7.05,0.000
141,1744996811.369661,WARNING,person,8.89,0.092
141,1744996811.369661,WARNING,motorcycle,7.27,0.017
141,1744996811.369661,WARNING,motorcycle,8.29,0.000
141,1744996811.369661,WARNING,motorcycle,4.09,0.000
142,1744996820.6179383,WARNING,person,9.91,0.066
142,1744996820.6179383,WARNING,person,7.44,0.000
142,1744996820.6179383,WARNING,motorcycle,8.47,0.027
142,1744996820.6179383,WARNING,motorcycle,8.31,0.000
142,1744996820.6179383,WARNING,motorcycle,4.55,0.000
143,1744996830.0803912,WARNING,person,6.91,0.000
143,1744996830.0803912,WARNING,motorcycle,9.72,0.027
143,1744996830.0803912,WARNING,motorcycle,8.49,0.000
143,1744996830.0803912,WARNING,motorcycle,8.48,0.000
144,1744996838.2484543,WARNING,person,6.62,0.000
144,1744996838.2484543,WARNING,motorcycle,8.22,0.000
144,1744996838.2484543,WARNING,motorcycle,8.20,0.000
145,1744996844.7670474,WARNING,person,6.76,0.000
145,1744996844.7670474,WARNING,motorcycle,7.79,0.000
146,1744996851.2408314,WARNING,person,6.43,0.000
146,1744996851.2408314,WARNING,motorcycle,7.39,0.000
146,1744996851.2408314,WARNING,motorcycle,7.54,0.000
147,1744996859.025671,WARNING,person,6.05,0.000
148,1744996866.679976,WARNING,person,6.09,0.000
148,1744996866.679976,WARNING,motorcycle,6.85,0.000
149,1744996874.484312,WARNING,person,6.18,0.000
150,1744996882.1729505,WARNING,person,6.10,0.000
151,1744996889.977355,WARNING,person,6.39,0.000
151,1744996889.977355,WARNING,motorcycle,9.76,0.000
152,1744996897.8265576,WARNING,person,6.18,0.000
153,1744996905.5340843,WARNING,person,5.88,0.000
153,1744996905.5340843,WARNING,motorcycle,9.48,0.000
154,1744996913.3360307,WARNING,person,5.75,0.000
154,1744996913.3360307,WARNING,motorcycle,9.32,0.000
155,1744996921.29747,WARNING,person,5.67,0.000
155,1744996921.29747,WARNING,motorcycle,8.46,0.000
156,1744996929.0720844,WARNING,person,5.78,0.000
156,1744996929.0720844,WARNING,motorcycle,8.61,0.000
157,1744996936.9592495,WARNING,person,6.21,0.000
157,1744996936.9592495,WARNING,motorcycle,8.60,0.000
158,1744996944.8051376,WARNING,person,5.85,0.000
158,1744996944.8051376,WARNING,motorcycle,9.42,0.000
158,1744996944.8051376,WARNING,motorcycle,8.02,0.000
159,1744996950.467978,WARNING,person,5.84,0.000
159,1744996950.467978,WARNING,motorcycle,9.42,0.000
159,1744996950.467978,WARNING,motorcycle,7.65,0.000
160,1744996955.4468203,WARNING,person,6.25,0.000
161,1744996961.5150745,WARNING,motorcycle,9.19,0.000
161,1744996961.5150745,WARNING,person,5.51,0.000
161,1744996961.5150745,WARNING,motorcycle,9.89,0.000
162,1744996969.0457006,WARNING,motorcycle,8.76,0.000
162,1744996969.0457006,WARNING,person,5.56,0.000
162,1744996969.0457006,WARNING,motorcycle,9.02,0.000
163,1744996976.8880994,WARNING,motorcycle,8.50,0.000
163,1744996976.8880994,WARNING,person,5.83,0.000
163,1744996976.8880994,WARNING,bicycle,9.67,0.049
163,1744996976.8880994,WARNING,person,6.01,0.000
164,1744996984.7288284,WARNING,bicycle,9.06,0.022
164,1744996984.7288284,WARNING,person,5.52,0.000
164,1744996984.7288284,WARNING,motorcycle,9.23,0.000
164,1744996984.7288284,WARNING,motorcycle,8.12,0.000
164,1744996984.7288284,WARNING,person,5.90,0.000
165,1744996992.725716,WARNING,bicycle,7.92,0.003
165,1744996992.725716,WARNING,motorcycle,7.49,0.000
165,1744996992.725716,WARNING,person,7.73,0.000
165,1744996992.725716,WARNING,motorcycle,7.31,0.000
166,1744997000.6657946,WARNING,bicycle,6.99,0.003
166,1744997000.6657946,WARNING,motorcycle,7.55,0.000
166,1744997000.6657946,WARNING,person,7.71,0.000
166,1744997000.6657946,WARNING,person,6.56,0.000
167,1744997008.5622516,WARNING,bicycle,6.59,0.000
167,1744997008.5622516,WARNING,motorcycle,7.44,0.000
167,1744997008.5622516,WARNING,person,7.14,0.000
168,1744997016.4875793,STOP,bicycle,6.04,0.000
168,1744997016.4875793,STOP,person,6.51,0.000
168,1744997016.4875793,STOP,person,6.04,0.000
168,1744997016.4875793,STOP,motorcycle,7.46,0.000
169,1744997024.35885,WARNING,bicycle,5.67,0.000
169,1744997024.35885,WARNING,motorcycle,9.89,0.000
169,1744997024.35885,WARNING,person,6.08,0.000
169,1744997024.35885,WARNING,motorcycle,7.35,0.000
169,1744997024.35885,WARNING,person,4.79,0.000
170,1744997032.100158,WARNING,motorcycle,9.38,0.002
170,1744997032.100158,WARNING,motorcycle,7.07,0.000
170,1744997032.100158,WARNING,person,5.36,0.000
170,1744997032.100158,WARNING,bicycle,5.37,0.000
170,1744997032.100158,WARNING,person,5.20,0.000
171,1744997039.7714472,WARNING,motorcycle,9.68,0.033
171,1744997039.7714472,WARNING,motorcycle,8.74,0.000
171,1744997039.7714472,WARNING,motorcycle,6.79,0.000
171,1744997039.7714472,WARNING,person,5.74,0.000
171,1744997039.7714472,WARNING,motorcycle,9.50,0.000
172,1744997047.5942364,WARNING,motorcycle,7.54,0.000
172,1744997047.5942364,WARNING,motorcycle,8.02,0.026
172,1744997047.5942364,WARNING,person,6.98,0.000
173,1744997055.2974417,WARNING,motorcycle,8.67,0.029
173,1744997055.2974417,WARNING,motorcycle,8.06,0.000
174,1744997063.0387151,WARNING,motorcycle,8.29,0.025
174,1744997063.0387151,WARNING,motorcycle,7.50,0.000
174,1744997063.0387151,WARNING,motorcycle,8.46,0.000
175,1744997070.6698968,WARNING,motorcycle,7.36,0.023
175,1744997070.6698968,WARNING,motorcycle,6.64,0.000
175,1744997070.6698968,WARNING,motorcycle,9.98,0.052
176,1744997078.4254506,WARNING,motorcycle,7.05,0.007
176,1744997078.4254506,WARNING,motorcycle,6.56,0.000
177,1744997086.082945,WARNING,motorcycle,6.40,0.000
177,1744997086.082945,WARNING,motorcycle,9.72,0.039
177,1744997086.082945,WARNING,motorcycle,6.52,0.000
178,1744997093.5950398,WARNING,motorcycle,5.73,0.000
178,1744997093.5950398,WARNING,motorcycle,8.46,0.071
178,1744997093.5950398,WARNING,motorcycle,9.98,0.021
178,1744997093.5950398,WARNING,motorcycle,7.64,0.000
179,1744997101.476811,WARNING,motorcycle,9.09,0.011
179,1744997101.476811,WARNING,motorcycle,7.27,0.067
179,1744997101.476811,WARNING,motorcycle,7.68,0.000
179,1744997101.476811,WARNING,motorcycle,5.14,0.000
180,1744997109.3596938,WARNING,motorcycle,7.36,0.047
180,1744997109.3596938,WARNING,motorcycle,7.23,0.000
180,1744997109.3596938,WARNING,motorcycle,9.29,0.012
180,1744997109.3596938,WARNING,motorcycle,4.79,0.000
181,1744997117.2181327,WARNING,motorcycle,6.92,0.039
181,1744997117.2181327,WARNING,motorcycle,9.89,0.011
181,1744997117.2181327,WARNING,motorcycle,4.44,0.000
182,1744997125.6670766,WARNING,motorcycle,6.44,0.020
182,1744997125.6670766,WARNING,motorcycle,7.62,0.024
183,1744997134.309413,WARNING,motorcycle,5.86,0.005
183,1744997134.309413,WARNING,motorcycle,9.14,0.014
183,1744997134.309413,WARNING,motorcycle,7.32,0.029
184,1744997142.96389,WARNING,motorcycle,5.38,0.001
184,1744997142.96389,WARNING,motorcycle,7.33,0.031
184,1744997142.96389,WARNING,motorcycle,9.11,0.020
184,1744997142.96389,WARNING,motorcycle,9.96,0.007
185,1744997151.1741998,WARNING,motorcycle,7.06,0.030
185,1744997151.1741998,WARNING,motorcycle,4.95,0.000
185,1744997151.1741998,WARNING,motorcycle,8.64,0.025
186,1744997160.0752978,WARNING,motorcycle,7.19,0.035
186,1744997160.0752978,WARNING,motorcycle,6.25,0.023
186,1744997160.0752978,WARNING,motorcycle,4.56,0.000
187,1744997168.5103004,WARNING,motorcycle,6.72,0.035
187,1744997168.5103004,WARNING,motorcycle,5.69,0.003
187,1744997168.5103004,WARNING,motorcycle,9.09,0.031
187,1744997168.5103004,WARNING,motorcycle,3.63,0.000
188,1744997176.9598134,WARNING,motorcycle,7.95,0.043
188,1744997176.9598134,WARNING,motorcycle,4.13,0.000
188,1744997176.9598134,WARNING,motorcycle,5.46,0.000
188,1744997176.9598134,WARNING,motorcycle,8.18,0.044
189,1744997185.7729597,WARNING,motorcycle,6.75,0.025
189,1744997185.7729597,WARNING,motorcycle,4.61,0.000
189,1744997185.7729597,WARNING,motorcycle,8.73,0.002
189,1744997185.7729597,WARNING,motorcycle,6.92,0.029
189,1744997185.7729597,WARNING,motorcycle,6.99,0.009
190,1744997194.0457635,WARNING,motorcycle,4.37,0.000
190,1744997194.0457635,WARNING,motorcycle,6.30,0.025
190,1744997194.0457635,WARNING,motorcycle,4.33,0.000
190,1744997194.0457635,WARNING,motorcycle,6.87,0.007
190,1744997194.0457635,WARNING,motorcycle,6.38,0.000
191,1744997201.4241946,WARNING,motorcycle,5.33,0.015
191,1744997201.4241946,WARNING,motorcycle,3.74,0.000
191,1744997201.4241946,WARNING,motorcycle,7.44,0.009
191,1744997201.4241946,WARNING,motorcycle,3.61,0.000
192,1744997206.0178933,WARNING,car,9.39,0.076
192,1744997206.0178933,WARNING,motorcycle,5.13,0.004
193,1744997214.6930282,WARNING,car,8.76,0.077
193,1744997214.6930282,WARNING,motorcycle,4.39,0.000
193,1744997214.6930282,WARNING,motorcycle,6.22,0.000
194,1744997223.1711996,WARNING,car,8.46,0.066
194,1744997223.1711996,WARNING,motorcycle,3.88,0.000
194,1744997223.1711996,WARNING,motorcycle,6.33,0.000
194,1744997223.1711996,WARNING,motorcycle,5.67,0.000
195,1744997231.5855272,WARNING,car,7.69,0.070
195,1744997231.5855272,WARNING,motorcycle,3.80,0.000
195,1744997231.5855272,WARNING,bicycle,9.83,0.002
196,1744997240.0758266,WARNING,car,7.06,0.058
196,1744997240.0758266,WARNING,bicycle,9.19,0.000
197,1744997248.4923966,WARNING,car,6.49,0.056
197,1744997248.4923966,WARNING,truck,9.75,0.009
197,1744997248.4923966,WARNING,bicycle,8.22,0.000
198,1744997256.6524708,WARNING,car,6.18,0.056
198,1744997256.6524708,WARNING,bicycle,7.80,0.000
199,1744997264.973983,WARNING,car,5.43,0.060
199,1744997264.973983,WARNING,motorcycle,9.61,0.041
199,1744997264.973983,WARNING,bicycle,7.03,0.000
200,1744997273.365067,WARNING,car,5.19,0.054
200,1744997273.365067,WARNING,motorcycle,8.77,0.053
200,1744997273.365067,WARNING,person,9.44,0.021
200,1744997273.365067,WARNING,bicycle,6.36,0.000
200,1744997273.365067,WARNING,truck,7.59,0.000
201,1744997282.0296025,WARNING,car,4.94,0.061
201,1744997282.0296025,WARNING,motorcycle,8.09,0.049
201,1744997282.0296025,WARNING,person,8.84,0.020
201,1744997282.0296025,WARNING,bicycle,5.98,0.000
202,1744997290.1415913,WARNING,person,8.65,0.024
202,1744997290.1415913,WARNING,motorcycle,7.84,0.055
202,1744997290.1415913,WARNING,car,4.93,0.043
202,1744997290.1415913,WARNING,bicycle,5.80,0.000
203,1744997298.5667198,WARNING,motorcycle,7.59,0.055
203,1744997298.5667198,WARNING,person,8.20,0.044
203,1744997298.5667198,WARNING,car,5.15,0.015
203,1744997298.5667198,WARNING,bicycle,5.51,0.000
204,1744997306.7985938,WARNING,car,5.15,0.005
204,1744997306.7985938,WARNING,motorcycle,7.15,0.066
204,1744997306.7985938,WARNING,person,7.72,0.049
204,1744997306.7985938,WARNING,bicycle,5.28,0.000
205,1744997315.0214446,WARNING,motorcycle,6.99,0.066
205,1744997315.0214446,WARNING,car,5.06,0.000
205,1744997315.0214446,WARNING,person,7.60,0.061
205,1744997315.0214446,WARNING,motorcycle,9.85,0.001
205,1744997315.0214446,WARNING,truck,8.11,0.000
206,1744997323.2609916,WARNING,motorcycle,6.60,0.061
206,1744997323.2609916,WARNING,car,5.09,0.000
206,1744997323.2609916,WARNING,person,7.18,0.080
206,1744997323.2609916,WARNING,motorcycle,9.79,0.000
206,1744997323.2609916,WARNING,truck,8.06,0.000
207,1744997331.7223186,WARNING,motorcycle,6.30,0.060
207,1744997331.7223186,WARNING,car,5.20,0.000
207,1744997331.7223186,WARNING,person,6.74,0.104
207,1744997331.7223186,WARNING,truck,7.88,0.000
208,1744997340.1174579,WARNING,motorcycle,6.07,0.065
208,1744997340.1174579,WARNING,person,6.47,0.095
208,1744997340.1174579,WARNING,car,5.32,0.000
208,1744997340.1174579,WARNING,truck,7.45,0.000
208,1744997340.1174579,WARNING,bicycle,8.05,0.011
209,1744997348.6153302,STOP,motorcycle,5.89,0.052
209,1744997348.6153302,STOP,person,6.17,0.101
209,1744997348.6153302,STOP,car,5.49,0.000
209,1744997348.6153302,STOP,truck,7.47,0.000
210,1744997357.05859,STOP,person,6.18,0.117
210,1744997357.05859,STOP,motorcycle,5.95,0.043
210,1744997357.05859,STOP,car,5.58,0.000
211,1744997365.7707334,STOP,person,6.10,0.134
211,1744997365.7707334,STOP,motorcycle,5.77,0.042
211,1744997365.7707334,STOP,car,5.54,0.000
212,1744997373.8933258,STOP,person,5.81,0.153
212,1744997373.8933258,STOP,motorcycle,5.42,0.040
212,1744997373.8933258,STOP,car,5.45,0.000
213,1744997379.9887276,STOP,person,6.11,0.151
213,1744997379.9887276,STOP,motorcycle,5.50,0.028
213,1744997379.9887276,STOP,car,5.52,0.000
213,1744997379.9887276,STOP,motorcycle,6.36,0.034
214,1744997384.6804695,STOP,person,6.57,0.148
214,1744997384.6804695,STOP,motorcycle,9.99,0.065
214,1744997384.6804695,STOP,motorcycle,5.69,0.021
214,1744997384.6804695,STOP,car,5.41,0.000
215,1744997389.385729,STOP,person,6.55,0.125
215,1744997389.385729,STOP,motorcycle,9.19,0.060
215,1744997389.385729,STOP,motorcycle,5.51,0.009
215,1744997389.385729,STOP,car,5.29,0.000
216,1744997394.299179,STOP,motorcycle,8.68,0.069
216,1744997394.299179,STOP,person,6.69,0.079
216,1744997394.299179,STOP,motorcycle,5.49,0.014
216,1744997394.299179,STOP,car,5.40,0.000
217,1744997399.2555022,STOP,motorcycle,8.22,0.073
217,1744997399.2555022,STOP,person,6.75,0.031
217,1744997399.2555022,STOP,motorcycle,9.58,0.000
217,1744997399.2555022,STOP,motorcycle,5.60,0.004
218,1744997404.0410123,WARNING,person,7.02,0.010
218,1744997404.0410123,WARNING,motorcycle,7.60,0.074
218,1744997404.0410123,WARNING,motorcycle,9.00,0.000
218,1744997404.0410123,WARNING,motorcycle,5.65,0.000
219,1744997408.7861269,WARNING,person,7.15,0.006
219,1744997408.7861269,WARNING,motorcycle,6.98,0.063
219,1744997408.7861269,WARNING,motorcycle,5.83,0.000
219,1744997408.7861269,WARNING,motorcycle,9.38,0.000
219,1744997408.7861269,WARNING,motorcycle,8.63,0.000
220,1744997413.5332685,WARNING,person,7.37,0.000
220,1744997413.5332685,WARNING,motorcycle,8.92,0.000
220,1744997413.5332685,WARNING,motorcycle,6.52,0.069
220,1744997413.5332685,WARNING,motorcycle,8.17,0.000
220,1744997413.5332685,WARNING,motorcycle,6.18,0.000
221,1744997418.0540447,WARNING,motorcycle,5.95,0.057
221,1744997418.0540447,WARNING,person,7.82,0.003
221,1744997418.0540447,WARNING,motorcycle,7.81,0.000
221,1744997418.0540447,WARNING,motorcycle,8.53,0.000
221,1744997418.0540447,WARNING,motorcycle,6.59,0.000
221,1744997418.0540447,WARNING,motorcycle,6.58,0.000
222,1744997422.7426214,WARNING,motorcycle,7.11,0.010
222,1744997422.7426214,WARNING,motorcycle,5.40,0.051
222,1744997422.7426214,WARNING,person,8.36,0.005
222,1744997422.7426214,WARNING,motorcycle,7.47,0.000
222,1744997422.7426214,WARNING,motorcycle,8.01,0.000
223,1744997428.604905,WARNING,motorcycle,4.98,0.040
223,1744997428.604905,WARNING,motorcycle,7.53,0.000
223,1744997428.604905,WARNING,motorcycle,7.70,0.014
223,1744997428.604905,WARNING,person,9.67,0.006
223,1744997428.604905,WARNING,motorcycle,7.50,0.000
224,1744997434.3770027,WARNING,person,9.72,0.019
224,1744997434.3770027,WARNING,motorcycle,8.47,0.021
224,1744997434.3770027,WARNING,motorcycle,4.84,0.037
224,1744997434.3770027,WARNING,motorcycle,7.81,0.000
224,1744997434.3770027,WARNING,motorcycle,7.22,0.000
225,1744997440.1191118,WARNING,motorcycle,4.39,0.027
225,1744997440.1191118,WARNING,motorcycle,8.96,0.022
225,1744997440.1191118,WARNING,motorcycle,7.82,0.000
225,1744997440.1191118,WARNING,motorcycle,6.27,0.000
225,1744997440.1191118,WARNING,motorcycle,7.31,0.000
226,1744997445.9547122,WARNING,motorcycle,9.81,0.043
226,1744997445.9547122,WARNING,motorcycle,4.30,0.016
226,1744997445.9547122,WARNING,motorcycle,7.75,0.000
226,1744997445.9547122,WARNING,motorcycle,7.59,0.000
227,1744997451.7561975,WARNING,motorcycle,7.44,0.000
227,1744997451.7561975,WARNING,motorcycle,4.08,0.009
227,1744997451.7561975,WARNING,motorcycle,7.10,0.000
228,1744997457.4735856,WARNING,motorcycle,3.90,0.001
228,1744997457.4735856,WARNING,motorcycle,7.37,0.000
228,1744997457.4735856,WARNING,motorcycle,6.35,0.000
229,1744997463.0899181,WARNING,motorcycle,3.69,0.000
229,1744997463.0899181,WARNING,motorcycle,6.06,0.000
229,1744997463.0899181,WARNING,motorcycle,7.36,0.000
229,1744997463.0899181,WARNING,motorcycle,7.33,0.000
230,1744997468.9487739,WARNING,motorcycle,3.42,0.000
230,1744997468.9487739,WARNING,motorcycle,6.44,0.000
231,1744997474.5338361,WARNING,motorcycle,3.25,0.000
231,1744997474.5338361,WARNING,motorcycle,6.89,0.000
232,1744997480.2431335,WARNING,motorcycle,3.44,0.000
233,1744997485.861407,CLEAR,none,inf,0.0
234,1744997491.511087,CLEAR,none,inf,0.0
235,1744997497.2549796,CLEAR,none,inf,0.0
236,1744997502.999515,CLEAR,none,inf,0.0
237,1744997508.7113357,CLEAR,none,inf,0.0
238,1744997514.3661501,CLEAR,none,inf,0.0
239,1744997519.4434903,CLEAR,none,inf,0.0
240,1744997524.6796343,CLEAR,none,inf,0.0
241,1744997530.6887698,CLEAR,none,inf,0.0
242,1744997536.5026546,CLEAR,none,inf,0.0
243,1744997542.541152,WARNING,bus,6.02,0.000
244,1744997548.1457422,CLEAR,none,inf,0.0
245,1744997554.1859214,CLEAR,none,inf,0.0
246,1744997560.0809174,CLEAR,none,inf,0.0
247,1744997565.7470639,CLEAR,none,inf,0.0
248,1744997571.5111308,CLEAR,none,inf,0.0
249,1744997577.302617,CLEAR,none,inf,0.0
250,1744997583.305737,CLEAR,none,inf,0.0
251,1744997589.0603962,WARNING,motorcycle,9.37,0.000
252,1744997594.6320212,WARNING,motorcycle,8.27,0.000
253,1744997600.78775,CLEAR,none,inf,0.0
254,1744997606.5325549,WARNING,motorcycle,8.84,0.000
254,1744997606.5325549,WARNING,motorcycle,9.08,0.000
255,1744997612.3161643,WARNING,motorcycle,9.07,0.062
255,1744997612.3161643,WARNING,person,9.50,0.021
255,1744997612.3161643,WARNING,motorcycle,7.66,0.000
255,1744997612.3161643,WARNING,person,9.67,0.000
256,1744997618.0510073,WARNING,motorcycle,8.00,0.079
256,1744997618.0510073,WARNING,person,8.68,0.025
256,1744997618.0510073,WARNING,motorcycle,7.48,0.000
256,1744997618.0510073,WARNING,person,8.34,0.000
256,1744997618.0510073,WARNING,person,8.67,0.000
257,1744997623.7586355,WARNING,motorcycle,7.12,0.104
257,1744997623.7586355,WARNING,person,8.05,0.033
258,1744997629.4736362,STOP,motorcycle,6.49,0.124
258,1744997629.4736362,STOP,person,7.36,0.052
259,1744997635.1980402,WARNING,person,6.87,0.080
259,1744997635.1980402,WARNING,motorcycle,5.53,0.083
259,1744997635.1980402,WARNING,person,9.53,0.000
260,1744997641.1970994,WARNING,person,5.99,0.006
260,1744997641.1970994,WARNING,motorcycle,4.59,0.057
260,1744997641.1970994,WARNING,person,9.46,0.000
260,1744997641.1970994,WARNING,person,9.68,0.000
261,1744997646.9772596,WARNING,person,4.70,0.000
261,1744997646.9772596,WARNING,motorcycle,4.91,0.003
262,1744997654.3697271,WARNING,car,3.17,0.000
262,1744997654.3697271,WARNING,person,9.14,0.000
263,1744997662.0828109,CLEAR,none,inf,0.0
264,1744997669.674834,WARNING,person,7.77,0.000
265,1744997677.298221,CLEAR,none,inf,0.0
266,1744997684.883479,WARNING,car,7.73,0.000
267,1744997692.3546286,WARNING,car,5.82,0.000
268,1744997699.8314438,WARNING,car,8.41,0.000
269,1744997707.3628864,CLEAR,none,inf,0.0
270,1744997714.7817907,CLEAR,none,inf,0.0
271,1744997722.1957135,CLEAR,none,inf,0.0
272,1744997729.6865866,CLEAR,none,inf,0.0
273,1744997737.1199837,CLEAR,none,inf,0.0
274,1744997744.5256095,CLEAR,none,inf,0.0
275,1744997751.939166,CLEAR,none,inf,0.0
276,1744997759.4673269,CLEAR,none,inf,0.0
277,1744997767.0896196,CLEAR,none,inf,0.0
278,1744997774.6914983,CLEAR,none,inf,0.0
279,1744997780.235588,CLEAR,none,inf,0.0
280,1744997784.8175507,CLEAR,none,inf,0.0
281,1744997790.1526508,CLEAR,none,inf,0.0
282,1744997796.173675,CLEAR,none,inf,0.0
283,1744997802.1238763,CLEAR,none,inf,0.0
284,1744997807.770448,CLEAR,none,inf,0.0
285,1744997813.3365042,CLEAR,none,inf,0.0
286,1744997818.886235,CLEAR,none,inf,0.0
287,1744997824.7623804,CLEAR,none,inf,0.0
288,1744997830.7374194,CLEAR,none,inf,0.0
289,1744997836.4614127,CLEAR,none,inf,0.0
290,1744997842.4735372,CLEAR,none,inf,0.0
291,1744997848.106419,CLEAR,none,inf,0.0
292,1744997853.6655452,WARNING,motorcycle,9.94,0.000
292,1744997853.6655452,WARNING,person,9.96,0.000
293,1744997859.1977503,CLEAR,none,inf,0.0
294,1744997864.7262702,CLEAR,none,inf,0.0
295,1744997870.288547,WARNING,motorcycle,5.89,0.000
296,1744997875.851823,WARNING,motorcycle,5.94,0.000
296,1744997875.851823,WARNING,person,6.87,0.000
297,1744997881.3738446,WARNING,motorcycle,5.37,0.000
298,1744997887.7996807,WARNING,motorcycle,5.22,0.000
299,1744997893.6293342,WARNING,motorcycle,4.93,0.000
299,1744997893.6293342,WARNING,person,7.80,0.000
300,1744997899.5375447,WARNING,motorcycle,4.73,0.000
301,1744997905.159593,WARNING,motorcycle,4.63,0.000
302,1744997910.954582,WARNING,person,6.02,0.000
303,1744997916.8382251,WARNING,person,6.41,0.000
304,1744997922.231246,CLEAR,none,inf,0.0
305,1744997928.4747906,CLEAR,none,inf,0.0
306,1744997935.4026532,CLEAR,none,inf,0.0
307,1744997942.7441812,CLEAR,none,inf,0.0
308,1744997949.8464155,CLEAR,none,inf,0.0
309,1744997957.364464,CLEAR,none,inf,0.0
310,1744997965.2594829,CLEAR,none,inf,0.0
311,1744997973.0827253,CLEAR,none,inf,0.0
312,1744997981.123977,CLEAR,none,inf,0.0
313,1744997989.0020695,CLEAR,none,inf,0.0
314,1744997996.3937726,CLEAR,none,inf,0.0
315,1744998003.5307393,CLEAR,none,inf,0.0
316,1744998010.5993223,CLEAR,none,inf,0.0
317,1744998018.2486498,WARNING,car,5.56,0.000
318,1744998026.082811,WARNING,car,5.49,0.000
319,1744998034.101956,WARNING,car,5.73,0.000
320,1744998042.1402686,WARNING,car,7.20,0.027
321,1744998050.5700767,WARNING,car,8.46,0.060
322,1744998058.8560712,WARNING,car,9.52,0.075
323,1744998066.656762,CLEAR,none,inf,0.0
324,1744998074.79782,CLEAR,none,inf,0.0
325,1744998082.8443015,CLEAR,none,inf,0.0
326,1744998090.7569613,WARNING,car,4.85,0.000
327,1744998098.9422371,WARNING,car,5.08,0.012
328,1744998107.1046276,WARNING,car,5.60,0.049
329,1744998115.272031,WARNING,car,7.53,0.084
330,1744998122.4091613,WARNING,car,8.94,0.091
331,1744998129.3911726,CLEAR,none,inf,0.0
332,1744998136.5588183,WARNING,motorcycle,4.99,0.000
333,1744998144.0854046,WARNING,motorcycle,5.39,0.000
333,1744998144.0854046,WARNING,person,6.37,0.000
334,1744998152.054293,WARNING,person,7.76,0.000
334,1744998152.054293,WARNING,motorcycle,6.73,0.010
335,1744998160.226449,WARNING,motorcycle,8.13,0.031
335,1744998160.226449,WARNING,person,9.87,0.000
335,1744998160.226449,WARNING,motorcycle,9.63,0.000
336,1744998168.4241495,WARNING,person,9.52,0.026
336,1744998168.4241495,WARNING,motorcycle,8.58,0.019
337,1744998176.5299432,WARNING,motorcycle,9.47,0.054
338,1744998184.6449199,CLEAR,none,inf,0.0
339,1744998192.4037092,CLEAR,none,inf,0.0
340,1744998200.3817897,CLEAR,none,inf,0.0
341,1744998208.4381518,CLEAR,none,inf,0.0
342,1744998216.526678,CLEAR,none,inf,0.0
343,1744998224.5674675,CLEAR,none,inf,0.0
344,1744998232.6061254,CLEAR,none,inf,0.0
345,1744998240.481413,CLEAR,none,inf,0.0
346,1744998248.666048,CLEAR,none,inf,0.0
347,1744998256.7793179,CLEAR,none,inf,0.0
348,1744998265.1392,CLEAR,none,inf,0.0
349,1744998273.1111922,CLEAR,none,inf,0.0
350,1744998281.1700106,CLEAR,none,inf,0.0
351,1744998289.149436,CLEAR,none,inf,0.0
352,1744998297.087524,CLEAR,none,inf,0.0
353,1744998305.0276039,CLEAR,none,inf,0.0
354,1744998312.2238188,CLEAR,none,inf,0.0
355,1744998319.5915406,CLEAR,none,inf,0.0
356,1744998327.0683446,CLEAR,none,inf,0.0
357,1744998334.5760202,WARNING,motorcycle,9.39,0.000
358,1744998342.4991663,CLEAR,none,inf,0.0
359,1744998350.44758,CLEAR,none,inf,0.0
360,1744998358.5567043,CLEAR,none,inf,0.0
361,1744998366.5993483,CLEAR,none,inf,0.0
362,1744998374.6225975,CLEAR,none,inf,0.0
363,1744998382.6718588,CLEAR,none,inf,0.0
364,1744998390.8860025,CLEAR,none,inf,0.0
365,1744998399.2484026,CLEAR,none,inf,0.0
366,1744998407.5376372,WARNING,motorcycle,5.71,0.000
366,1744998407.5376372,WARNING,person,6.46,0.000
366,1744998407.5376372,WARNING,person,6.02,0.000
367,1744998415.66147,WARNING,motorcycle,8.13,0.019
367,1744998415.66147,WARNING,person,8.45,0.000
367,1744998415.66147,WARNING,person,8.43,0.000
368,1744998423.6313426,WARNING,motorcycle,9.63,0.033
368,1744998423.6313426,WARNING,person,9.78,0.022
369,1745000543.2526948,CLEAR,none,inf,0.0
370,1745000550.4777572,CLEAR,none,inf,0.0
371,1745000557.4953215,CLEAR,none,inf,0.0
372,1745000564.4780815,CLEAR,none,inf,0.0
373,1745000571.6190054,CLEAR,none,inf,0.0
374,1745000578.7960842,CLEAR,none,inf,0.0
375,1745000586.0545342,CLEAR,none,inf,0.0
376,1745000593.2322216,CLEAR,none,inf,0.0
377,1745000600.255945,CLEAR,none,inf,0.0
378,1745000607.3758712,CLEAR,none,inf,0.0
379,1745000614.5902202,CLEAR,none,inf,0.0
380,1745000621.8022113,WARNING,car,5.86,0.000
381,1745000629.2328727,WARNING,car,5.06,0.000
381,1745000629.2328727,WARNING,truck,5.07,0.000
382,1745000636.5213077,WARNING,truck,7.22,0.054
383,1745000643.808988,WARNING,truck,8.63,0.103
384,1745000651.2486017,WARNING,truck,9.87,0.102
385,1745000658.5725513,CLEAR,none,inf,0.0
386,1745000665.7354321,CLEAR,none,inf,0.0
387,1745000673.012864,CLEAR,none,inf,0.0
388,1745000680.1736388,WARNING,motorcycle,7.10,0.000
389,1745000687.3829753,WARNING,motorcycle,7.52,0.000
389,1745000687.3829753,WARNING,person,8.30,0.000
390,1745000694.5286007,WARNING,motorcycle,8.85,0.000
390,1745000694.5286007,WARNING,person,9.24,0.000
390,1745000694.5286007,WARNING,person,9.43,0.000
390,1745000694.5286007,WARNING,person,9.74,0.000
391,1745000701.7038522,CLEAR,none,inf,0.0
392,1745000708.9345195,CLEAR,none,inf,0.0
393,1745000716.0839045,CLEAR,none,inf,0.0
394,1745000723.3883138,CLEAR,none,inf,0.0
395,1745000730.6048706,CLEAR,none,inf,0.0
396,1745000737.8339875,CLEAR,none,inf,0.0
397,1745000745.1058447,CLEAR,none,inf,0.0
398,1745000752.409281,CLEAR,none,inf,0.0
399,1745000759.6284215,CLEAR,none,inf,0.0
400,1745000766.8325765,CLEAR,none,inf,0.0
401,1745000773.9827209,WARNING,motorcycle,9.93,0.000
402,1745000780.9720461,CLEAR,none,inf,0.0
403,1745000788.0555456,CLEAR,none,inf,0.0
404,1745000795.170695,CLEAR,none,inf,0.0
405,1745000802.447996,CLEAR,none,inf,0.0
406,1745000809.8257945,CLEAR,none,inf,0.0
407,1745000817.0665212,CLEAR,none,inf,0.0
408,1745000824.313579,CLEAR,none,inf,0.0
409,1745000831.5684817,CLEAR,none,inf,0.0
410,1745000838.8450234,CLEAR,none,inf,0.0
411,1745000845.9021847,CLEAR,none,inf,0.0
412,1745000853.036071,CLEAR,none,inf,0.0
413,1745000860.24462,CLEAR,none,inf,0.0
414,1745000867.367167,CLEAR,none,inf,0.0
415,1745000874.3537192,CLEAR,none,inf,0.0
416,1745000881.5346947,CLEAR,none,inf,0.0
417,1745000888.8199046,WARNING,motorcycle,7.61,0.000
418,1745000896.1004393,WARNING,motorcycle,9.29,0.000
418,1745000896.1004393,WARNING,person,9.78,0.000
419,1745000903.3464148,CLEAR,none,inf,0.0
420,1745000910.6363974,CLEAR,none,inf,0.0
421,1745000917.8901596,CLEAR,none,inf,0.0
422,1745000925.0768492,CLEAR,none,inf,0.0
423,1745000932.4272068,STOP,none,inf,0.0
424,1745000940.261215,STOP,none,inf,0.0
425,1745000948.1181781,STOP,none,inf,0.0
426,1745000956.1099296,STOP,none,inf,0.0
427,1745000964.1846519,STOP,none,inf,0.0
428,1745000971.7977152,STOP,none,inf,0.0
429,1745000979.526418,STOP,none,inf,0.0
430,1745000987.6143289,STOP,none,inf,0.0
431,1745000995.9379795,WARNING,truck,5.24,0.000
432,1745001003.5175164,CLEAR,none,inf,0.0
433,1745001010.6710033,CLEAR,none,inf,0.0
434,1745001017.6504416,CLEAR,none,inf,0.0
435,1745001025.4576952,CLEAR,none,inf,0.0
436,1745001033.1899352,CLEAR,none,inf,0.0
437,1745001041.268645,CLEAR,none,inf,0.0
438,1745001049.2189133,CLEAR,none,inf,0.0
439,1745001057.1335697,WARNING,truck,8.22,0.000
440,1745001065.018483,WARNING,truck,9.81,0.000
441,1745001072.786551,CLEAR,none,inf,0.0
442,1745001081.0225835,WARNING,train,7.20,0.176
443,1745001088.899378,CLEAR,none,inf,0.0
444,1745001096.8227232,CLEAR,none,inf,0.0
445,1745001104.524249,CLEAR,none,inf,0.0
446,1745001112.2509532,CLEAR,none,inf,0.0
447,1745001120.1392977,CLEAR,none,inf,0.0
448,1745001127.874645,CLEAR,none,inf,0.0
449,1745001135.84347,CLEAR,none,inf,0.0
450,1745001144.1740236,WARNING,motorcycle,7.74,0.000
450,1745001144.1740236,WARNING,person,7.79,0.000
451,1745001152.3629942,WARNING,motorcycle,9.12,0.000
451,1745001152.3629942,WARNING,person,9.76,0.000
452,1745001160.2096953,CLEAR,none,inf,0.0
453,1745001168.1799595,CLEAR,none,inf,0.0
454,1745001176.3193493,CLEAR,none,inf,0.0
455,1745001184.0744119,CLEAR,none,inf,0.0
456,1745001191.9713035,CLEAR,none,inf,0.0
457,1745001199.6995769,CLEAR,none,inf,0.0
458,1745001207.6540878,CLEAR,none,inf,0.0
459,1745001215.4814868,CLEAR,none,inf,0.0
460,1745001223.4190948,CLEAR,none,inf,0.0
461,1745001231.029939,STOP,none,inf,0.0
462,1745001238.8692288,STOP,none,inf,0.0
463,1745001246.9164736,STOP,cat,7.22,0.000
464,1745001254.9513052,STOP,none,inf,0.0
465,1745001263.0470011,CLEAR,none,inf,0.0
466,1745001270.5542269,CLEAR,none,inf,0.0
467,1745001278.7132015,WARNING,person,5.82,0.000
468,1745001286.9020855,CLEAR,none,inf,0.0
469,1745001295.0313,WARNING,person,4.66,0.000
470,1745001302.9382348,CLEAR,none,inf,0.0
471,1745001310.7350318,CLEAR,none,inf,0.0
472,1745001318.7202797,CLEAR,none,inf,0.0
473,1745001326.4990673,CLEAR,none,inf,0.0
474,1745001334.5260825,CLEAR,none,inf,0.0
475,1745001342.346407,CLEAR,none,inf,0.0
476,1745001350.5915964,CLEAR,none,inf,0.0
477,1745001358.39479,CLEAR,none,inf,0.0
478,1745001366.1112094,CLEAR,none,inf,0.0
479,1745001374.2802758,CLEAR,none,inf,0.0
480,1745001382.6195714,CLEAR,none,inf,0.0
481,1745001390.6610641,WARNING,truck,9.72,0.009
482,1745001398.8758488,WARNING,truck,9.26,0.000
482,1745001398.8758488,WARNING,car,9.18,0.000
482,1745001398.8758488,WARNING,truck,9.52,0.007
483,1745001406.9756773,WARNING,train,9.56,0.087
483,1745001406.9756773,WARNING,truck,9.34,0.000
484,1745001414.7215698,CLEAR,none,inf,0.0
485,1745001422.8737333,CLEAR,none,inf,0.0
486,1745001431.009116,WARNING,motorcycle,6.33,0.000
487,1745001439.120522,STOP,motorcycle,8.40,0.000
487,1745001439.120522,STOP,person,9.34,0.000
488,1745001447.4255645,STOP,none,inf,0.0
489,1745001455.7995894,STOP,person,8.56,0.000
490,1745001463.966145,WARNING,motorcycle,8.78,0.000
491,1745001472.147148,WARNING,motorcycle,9.23,0.000
492,1745001480.207638,CLEAR,none,inf,0.0
493,1745001488.4074967,CLEAR,none,inf,0.0
494,1745001496.8230891,CLEAR,none,inf,0.0
495,1745001504.914431,CLEAR,none,inf,0.0
496,1745001513.133754,CLEAR,none,inf,0.0
497,1745001521.3159695,WARNING,motorcycle,6.86,0.000
497,1745001521.3159695,WARNING,person,7.29,0.000
498,1745001529.6777306,WARNING,motorcycle,8.79,0.000
499,1745001538.0743327,CLEAR,none,inf,0.0
500,1745001546.4201128,CLEAR,none,inf,0.0
501,1745001554.4733052,CLEAR,none,inf,0.0
502,1745001562.4209569,CLEAR,none,inf,0.0
503,1745001570.4650335,CLEAR,none,inf,0.0
504,1745001578.5403214,CLEAR,none,inf,0.0
505,1745001586.9540732,CLEAR,none,inf,0.0
506,1745001595.442518,CLEAR,none,inf,0.0
507,1745001603.3458235,CLEAR,none,inf,0.0
508,1745001611.2764099,CLEAR,none,inf,0.0
509,1745001619.1637573,CLEAR,none,inf,0.0
510,1745001627.6874838,CLEAR,none,inf,0.0
511,1745001635.6757374,CLEAR,none,inf,0.0
512,1745001643.0949454,CLEAR,none,inf,0.0
513,1745001650.2377105,CLEAR,none,inf,0.0
514,1745001657.323472,CLEAR,none,inf,0.0
515,1745001664.3696704,CLEAR,none,inf,0.0
516,1745001671.5877879,CLEAR,none,inf,0.0
517,1745001678.4182284,CLEAR,none,inf,0.0
518,1745001685.451391,CLEAR,none,inf,0.0
519,1745001693.450117,CLEAR,none,inf,0.0
520,1745001701.660846,WARNING,car,9.99,0.005
521,1745001709.386081,STOP,none,inf,0.0
522,1745001716.6708806,STOP,none,inf,0.0
523,1745001724.3360238,STOP,Unknown Obstacle,7.49,1.000
524,1745001731.383406,STOP,Unknown Obstacle,7.50,1.000
525,1745001738.5651224,STOP,Unknown Obstacle,7.47,1.000
525,1745001738.5651224,STOP,motorcycle,7.47,0.004
526,1745001745.7283862,STOP,Unknown Obstacle,7.10,1.000
526,1745001745.7283862,STOP,car,9.94,0.003
527,1745001753.4424698,STOP,Unknown Obstacle,6.79,1.000
528,1745001761.396485,STOP,Unknown Obstacle,6.53,1.000
529,1745001769.3570545,STOP,Unknown Obstacle,6.26,1.000
529,1745001769.3570545,STOP,motorcycle,6.74,0.008
530,1745001777.288476,STOP,Unknown Obstacle,5.93,1.000
531,1745001784.3058476,STOP,Unknown Obstacle,5.79,1.000
532,1745001791.4775453,STOP,Unknown Obstacle,5.50,1.000
533,1745001799.0720668,STOP,Unknown Obstacle,5.40,1.000
534,1745001806.9183967,STOP,bench,inf,0.901
535,1745001814.8949382,STOP,bench,inf,0.911
536,1745001823.1315162,STOP,bench,inf,0.908
537,1745001831.2924085,STOP,bench,inf,0.873
538,1745001839.5807736,STOP,bench,inf,0.708
539,1745001847.7531564,STOP,bench,inf,0.452
540,1745001855.9796884,STOP,bench,4.43,0.177
541,1745001864.1499555,WARNING,motorcycle,6.92,0.092
542,1745001872.5894148,CLEAR,none,inf,0.0
543,1745001880.7587886,WARNING,motorcycle,3.98,0.046
544,1745001889.0455797,WARNING,motorcycle,3.26,0.012
545,1745001897.2285964,CLEAR,none,inf,0.0
546,1745001905.145248,CLEAR,none,inf,0.0
547,1745001912.9163804,WARNING,motorcycle,8.53,0.000
548,1745001920.286934,WARNING,motorcycle,8.45,0.000
549,1745001927.8281536,WARNING,motorcycle,7.89,0.000
550,1745001935.2002175,WARNING,motorcycle,7.64,0.000
551,1745001943.1274078,WARNING,motorcycle,7.18,0.000
552,1745001951.2129438,WARNING,motorcycle,6.40,0.000
553,1745001959.5072796,WARNING,motorcycle,5.56,0.000
554,1745001967.1873286,WARNING,person,5.77,0.000
554,1745001967.1873286,WARNING,motorcycle,5.43,0.000
555,1745001975.2905512,WARNING,train,8.77,0.000
556,1745001983.6076758,CLEAR,none,inf,0.0
557,1745001991.6830597,CLEAR,none,inf,0.0
558,1745001999.8899896,WARNING,train,8.39,0.000
559,1745002007.9751735,WARNING,train,8.43,0.000
560,1745002015.7746727,CLEAR,none,inf,0.0
561,1745002023.8824847,WARNING,train,8.33,0.000
562,1745002031.8821695,CLEAR,none,inf,0.0
563,1745002039.9003003,CLEAR,none,inf,0.0
564,1745002048.0086389,CLEAR,none,inf,0.0
565,1745002055.8542395,CLEAR,none,inf,0.0
566,1745002063.8175774,CLEAR,none,inf,0.0
567,1745002071.72264,CLEAR,none,inf,0.0
568,1745002079.4200013,CLEAR,none,inf,0.0
569,1745002087.5823045,CLEAR,none,inf,0.0
570,1745002095.9320488,CLEAR,none,inf,0.0
571,1745002104.0634706,CLEAR,none,inf,0.0
572,1745002112.242414,CLEAR,none,inf,0.0
573,1745002120.2987487,CLEAR,none,inf,0.0
574,1745002128.114207,CLEAR,none,inf,0.0
575,1745002135.9002001,CLEAR,none,inf,0.0
576,1745002143.936226,CLEAR,none,inf,0.0
577,1745002151.8366625,CLEAR,none,inf,0.0
578,1745002159.7698803,CLEAR,none,inf,0.0
579,1745002167.845024,CLEAR,none,inf,0.0
580,1745002176.1477528,CLEAR,none,inf,0.0
581,1745002184.3801835,CLEAR,none,inf,0.0
582,1745002192.520964,CLEAR,none,inf,0.0
583,1745002200.3692496,CLEAR,none,inf,0.0
584,1745002207.9578373,CLEAR,none,inf,0.0
585,1745002216.1868782,CLEAR,none,inf,0.0
586,1745002224.1181314,CLEAR,none,inf,0.0
587,1745002232.1442692,CLEAR,none,inf,0.0
588,1745002240.171495,CLEAR,none,inf,0.0
589,1745002248.090428,CLEAR,none,inf,0.0
590,1745002255.824365,CLEAR,none,inf,0.0
591,1745002263.9027848,CLEAR,none,inf,0.0
592,1745002271.9929848,CLEAR,none,inf,0.0
593,1745002280.201886,CLEAR,none,inf,0.0
594,1745002288.3393407,CLEAR,none,inf,0.0
595,1745002296.1007164,CLEAR,none,inf,0.0
596,1745002304.2081375,CLEAR,none,inf,0.0
597,1745002311.975999,CLEAR,none,inf,0.0
598,1745002319.943399,CLEAR,none,inf,0.0
599,1745002328.0227098,CLEAR,none,inf,0.0
600,1745002335.7553446,CLEAR,none,inf,0.0
601,1745002344.0074685,STOP,none,inf,0.0
602,1745002352.0507135,STOP,none,inf,0.0
603,1745002360.1951106,CLEAR,none,inf,0.0
604,1745002368.188165,CLEAR,none,inf,0.0
605,1745002376.5579293,CLEAR,none,inf,0.0
606,1745002384.6114001,CLEAR,none,inf,0.0
607,1745002392.7558577,CLEAR,none,inf,0.0
608,1745002401.0258021,CLEAR,none,inf,0.0
609,1745002409.1189177,CLEAR,none,inf,0.0
610,1745002417.715013,CLEAR,none,inf,0.0
611,1745002425.8421614,CLEAR,none,inf,0.0
612,1745002433.9765604,CLEAR,none,inf,0.0
613,1745002442.0657482,CLEAR,none,inf,0.0
614,1745002450.2544708,CLEAR,none,inf,0.0
615,1745002458.6251178,CLEAR,none,inf,0.0
616,1745002466.5025265,CLEAR,none,inf,0.0
617,1745002474.4562345,CLEAR,none,inf,0.0
618,1745002482.4998336,CLEAR,none,inf,0.0
619,1745002490.7103336,WARNING,motorcycle,8.25,0.000
620,1745002498.5003958,WARNING,motorcycle,9.17,0.000
621,1745002506.4888694,WARNING,motorcycle,8.70,0.000
622,1745002514.2928116,WARNING,motorcycle,8.21,0.000
623,1745002522.492974,WARNING,motorcycle,7.88,0.000
624,1745002530.6629517,WARNING,motorcycle,7.78,0.000
624,1745002530.6629517,WARNING,motorcycle,7.86,0.000
625,1745002538.6995795,WARNING,motorcycle,7.15,0.000
626,1745002546.6254392,WARNING,motorcycle,6.41,0.000
627,1745002554.7993016,CLEAR,none,inf,0.0
628,1745002562.8488698,CLEAR,none,inf,0.0
629,1745002570.8124828,CLEAR,none,inf,0.0
630,1745002578.8446655,WARNING,cat,7.59,0.000
631,1745002587.2672968,STOP,none,inf,0.0
632,1745002595.2564292,STOP,none,inf,0.0
633,1745002603.2298963,CLEAR,none,inf,0.0
634,1745002611.2461307,CLEAR,none,inf,0.0
635,1745002619.3642035,CLEAR,none,inf,0.0
636,1745002627.3164294,CLEAR,none,inf,0.0
637,1745002635.336723,CLEAR,none,inf,0.0
638,1745002643.531106,CLEAR,none,inf,0.0
639,1745002651.306852,CLEAR,none,inf,0.0
640,1745002659.3717747,CLEAR,none,inf,0.0
641,1745002666.9874327,CLEAR,none,inf,0.0
642,1745002674.862617,CLEAR,none,inf,0.0
643,1745002682.822079,CLEAR,none,inf,0.0
644,1745002690.6540542,CLEAR,none,inf,0.0
645,1745002698.6501129,CLEAR,none,inf,0.0
646,1745002706.5661614,CLEAR,none,inf,0.0
647,1745002714.7742734,CLEAR,none,inf,0.0
648,1745002722.7513402,CLEAR,none,inf,0.0
649,1745002730.710631,CLEAR,none,inf,0.0
650,1745002738.5769925,CLEAR,none,inf,0.0
651,1745002746.7362876,CLEAR,none,inf,0.0
652,1745002754.7159104,CLEAR,none,inf,0.0
653,1745002762.928465,WARNING,person,9.95,0.000
654,1745002771.2210538,CLEAR,none,inf,0.0
655,1745002779.1449866,CLEAR,none,inf,0.0
656,1745002787.6437714,CLEAR,none,inf,0.0
657,1745002795.6418698,WARNING,person,7.85,0.000
657,1745002795.6418698,WARNING,person,8.17,0.000
658,1745002803.6474023,WARNING,person,7.44,0.000
658,1745002803.6474023,WARNING,train,9.39,0.124
659,1745002811.7312212,CLEAR,none,inf,0.0
660,1745002819.9626443,CLEAR,none,inf,0.0
661,1745002828.3623614,WARNING,person,6.46,0.000
661,1745002828.3623614,WARNING,train,7.97,0.104
661,1745002828.3623614,WARNING,person,6.67,0.000
662,1745002836.6233902,WARNING,person,6.06,0.000
663,1745002844.7916284,WARNING,bicycle,5.91,0.039
664,1745002852.9761157,WARNING,bicycle,5.24,0.043
665,1745002861.0611262,WARNING,bicycle,7.66,0.021
665,1745002861.0611262,WARNING,bicycle,4.18,0.026
666,1745002869.1229415,CLEAR,none,inf,0.0
667,1745002877.344779,CLEAR,none,inf,0.0
668,1745002885.3679092,CLEAR,none,inf,0.0
669,1745002893.334903,CLEAR,none,inf,0.0
670,1745002901.1825552,WARNING,bicycle,4.31,0.000
671,1745002909.4966211,WARNING,bicycle,4.13,0.000
672,1745002917.5991895,WARNING,bicycle,3.72,0.000
673,1745002925.847101,WARNING,bus,9.48,0.000
674,1745002933.8229952,WARNING,bus,8.98,0.000
675,1745002941.5931437,WARNING,bus,8.72,0.000
676,1745002949.6875813,WARNING,car,8.34,0.000
677,1745002958.0155828,CLEAR,none,inf,0.0
678,1745002966.2964315,CLEAR,none,inf,0.0
679,1745002974.6509998,CLEAR,none,inf,0.0
680,1745002982.9690819,CLEAR,none,inf,0.0
681,1745002991.134325,WARNING,car,4.06,0.000
682,1745002999.7037282,WARNING,person,5.16,0.000
682,1745002999.7037282,WARNING,motorcycle,5.49,0.000
682,1745002999.7037282,WARNING,person,5.26,0.000
683,1745003007.7739923,WARNING,motorcycle,4.73,0.045
683,1745003007.7739923,WARNING,person,7.02,0.000
684,1745003016.3715346,WARNING,motorcycle,5.65,0.075
684,1745003016.3715346,WARNING,person,7.59,0.034
685,1745003024.6207669,STOP,motorcycle,6.42,0.107
685,1745003024.6207669,STOP,motorcycle,7.45,0.056
686,1745003033.253808,WARNING,motorcycle,6.98,0.095
686,1745003033.253808,WARNING,person,8.28,0.054
687,1745003041.7195697,WARNING,motorcycle,7.91,0.055
687,1745003041.7195697,WARNING,person,9.46,0.041
688,1745003049.7952125,WARNING,motorcycle,8.55,0.038
688,1745003049.7952125,WARNING,person,9.62,0.031
689,1745003057.9532058,WARNING,motorcycle,9.18,0.033
689,1745003057.9532058,WARNING,motorcycle,9.62,0.000
689,1745003057.9532058,WARNING,truck,9.77,0.000
690,1745003066.2188165,WARNING,motorcycle,9.80,0.026
691,1745003074.5429082,CLEAR,none,inf,0.0
692,1745003082.991589,CLEAR,none,inf,0.0
693,1745003091.3610132,CLEAR,none,inf,0.0
694,1745003099.5971003,CLEAR,none,inf,0.0
695,1745003107.6985688,CLEAR,none,inf,0.0
696,1745003115.8741262,WARNING,motorcycle,9.63,0.054
697,1745003124.0831323,WARNING,motorcycle,9.31,0.039
698,1745003132.2615502,WARNING,motorcycle,9.22,0.041
699,1745003140.5758853,WARNING,motorcycle,8.47,0.041
700,1745003148.6531253,WARNING,motorcycle,8.51,0.039
701,1745003156.4803617,WARNING,motorcycle,8.30,0.041
702,1745003164.8846884,WARNING,motorcycle,7.93,0.024
702,1745003164.8846884,WARNING,person,9.60,0.000
703,1745003173.004992,WARNING,motorcycle,7.53,0.015
704,1745003181.2226546,WARNING,motorcycle,7.19,0.005
704,1745003181.2226546,WARNING,person,8.46,0.000
705,1745003189.7856715,WARNING,motorcycle,6.85,0.004
705,1745003189.7856715,WARNING,person,8.24,0.000
706,1745003197.8318505,WARNING,motorcycle,9.04,0.058
706,1745003197.8318505,WARNING,motorcycle,6.42,0.000
707,1745003206.1398935,WARNING,motorcycle,5.89,0.000
707,1745003206.1398935,WARNING,motorcycle,7.98,0.057
708,1745003214.631842,WARNING,motorcycle,9.71,0.057
708,1745003214.631842,WARNING,motorcycle,5.80,0.000
709,1745003223.0923533,WARNING,motorcycle,9.40,0.050
709,1745003223.0923533,WARNING,motorcycle,5.30,0.000
710,1745003231.784811,WARNING,motorcycle,9.32,0.042
710,1745003231.784811,WARNING,motorcycle,4.99,0.000
710,1745003231.784811,WARNING,motorcycle,9.41,0.042
711,1745003240.3624256,WARNING,motorcycle,8.68,0.042
711,1745003240.3624256,WARNING,motorcycle,4.39,0.000
712,1745003248.805419,WARNING,motorcycle,8.45,0.037
713,1745003257.0156455,WARNING,motorcycle,7.80,0.028
714,1745003265.311054,WARNING,motorcycle,7.59,0.024
715,1745003273.5523233,WARNING,motorcycle,6.91,0.006
715,1745003273.5523233,WARNING,person,9.73,0.034
715,1745003273.5523233,WARNING,motorcycle,9.56,0.058
716,1745003281.741331,WARNING,motorcycle,6.30,0.000
716,1745003281.741331,WARNING,car,6.81,0.000
716,1745003281.741331,WARNING,motorcycle,9.04,0.076
716,1745003281.741331,WARNING,person,9.29,0.037
717,1745003290.1852722,WARNING,car,6.99,0.000
717,1745003290.1852722,WARNING,motorcycle,5.89,0.000
717,1745003290.1852722,WARNING,motorcycle,8.79,0.087
717,1745003290.1852722,WARNING,person,9.31,0.032
717,1745003290.1852722,WARNING,person,9.90,0.018
718,1745003298.8640802,WARNING,car,7.06,0.000
718,1745003298.8640802,WARNING,person,8.58,0.043
718,1745003298.8640802,WARNING,motorcycle,8.21,0.094
718,1745003298.8640802,WARNING,motorcycle,5.43,0.000
718,1745003298.8640802,WARNING,person,9.83,0.021
719,1745003307.0966003,WARNING,car,6.95,0.000
719,1745003307.0966003,WARNING,person,7.76,0.000
719,1745003307.0966003,WARNING,motorcycle,7.65,0.098
719,1745003307.0966003,WARNING,person,8.10,0.051
719,1745003307.0966003,WARNING,motorcycle,5.26,0.000
720,1745003315.404459,WARNING,person,8.26,0.000
720,1745003315.404459,WARNING,car,7.24,0.000
720,1745003315.404459,WARNING,person,8.07,0.058
720,1745003315.404459,WARNING,motorcycle,7.77,0.097
720,1745003315.404459,WARNING,motorcycle,4.94,0.000
721,1745003323.885173,WARNING,person,9.77,0.000
721,1745003323.885173,WARNING,car,7.66,0.000
721,1745003323.885173,WARNING,person,7.51,0.068
721,1745003323.885173,WARNING,motorcycle,7.01,0.082
721,1745003323.885173,WARNING,motorcycle,4.43,0.000
722,1745003332.4094777,STOP,car,8.10,0.000
722,1745003332.4094777,STOP,person,8.96,0.000
722,1745003332.4094777,STOP,person,7.29,0.060
722,1745003332.4094777,STOP,motorcycle,6.47,0.084
722,1745003332.4094777,STOP,motorcycle,3.78,0.000
723,1745003340.835943,WARNING,person,8.72,0.000
723,1745003340.835943,WARNING,car,9.37,0.000
723,1745003340.835943,WARNING,motorcycle,5.91,0.058
723,1745003340.835943,WARNING,person,6.89,0.057
723,1745003340.835943,WARNING,motorcycle,3.87,0.000
724,1745003348.9912548,WARNING,person,8.69,0.000
724,1745003348.9912548,WARNING,person,6.44,0.051
724,1745003348.9912548,WARNING,motorcycle,5.44,0.043
725,1745003357.1610947,WARNING,person,6.29,0.024
725,1745003357.1610947,WARNING,motorcycle,5.16,0.046
725,1745003357.1610947,WARNING,person,8.57,0.000
726,1745003365.7460365,WARNING,motorcycle,4.95,0.045
726,1745003365.7460365,WARNING,person,6.14,0.000
727,1745003374.3282557,WARNING,motorcycle,4.94,0.024
727,1745003374.3282557,WARNING,person,5.87,0.000
728,1745003382.9941058,WARNING,person,5.17,0.000
728,1745003382.9941058,WARNING,motorcycle,4.37,0.000
728,1745003382.9941058,WARNING,person,5.16,0.000
729,1745003391.3689914,WARNING,person,4.87,0.000
729,1745003391.3689914,WARNING,motorcycle,5.11,0.000
730,1745003399.6068223,WARNING,person,4.53,0.000
730,1745003399.6068223,WARNING,motorcycle,4.70,0.000
731,1745003407.7890756,WARNING,person,4.35,0.000
731,1745003407.7890756,WARNING,motorcycle,4.54,0.000
732,1745003416.051672,WARNING,motorcycle,4.04,0.000
732,1745003416.051672,WARNING,person,4.09,0.000
733,1745003424.3251257,WARNING,motorcycle,3.55,0.000
733,1745003424.3251257,WARNING,person,3.93,0.000
734,1745003432.6518815,WARNING,motorcycle,3.05,0.000
735,1745003440.8197386,CLEAR,none,inf,0.0
736,1745003449.0745761,CLEAR,none,inf,0.0
737,1745003457.1655273,CLEAR,none,inf,0.0
738,1745003465.7877455,CLEAR,none,inf,0.0
739,1745003473.1433413,WARNING,motorcycle,9.94,0.056
740,1745003480.7436318,WARNING,motorcycle,9.69,0.059
741,1745003488.0832603,WARNING,motorcycle,8.87,0.000
741,1745003488.0832603,WARNING,motorcycle,9.33,0.080
742,1745003495.6131642,WARNING,motorcycle,8.67,0.000
742,1745003495.6131642,WARNING,motorcycle,9.23,0.063
742,1745003495.6131642,WARNING,person,8.95,0.000
742,1745003495.6131642,WARNING,person,9.91,0.024
742,1745003495.6131642,WARNING,person,9.08,0.000
743,1745003502.8609786,WARNING,motorcycle,8.81,0.000
743,1745003502.8609786,WARNING,motorcycle,9.14,0.076
743,1745003502.8609786,WARNING,person,9.64,0.028
743,1745003502.8609786,WARNING,person,8.97,0.000
744,1745003510.2422612,WARNING,motorcycle,8.63,0.000
744,1745003510.2422612,WARNING,motorcycle,9.14,0.076
744,1745003510.2422612,WARNING,person,9.72,0.031
744,1745003510.2422612,WARNING,person,8.71,0.000
745,1745003517.6734734,WARNING,motorcycle,8.67,0.047
745,1745003517.6734734,WARNING,person,8.79,0.000
745,1745003517.6734734,WARNING,person,9.41,0.038
745,1745003517.6734734,WARNING,motorcycle,9.11,0.044
745,1745003517.6734734,WARNING,person,9.59,0.024
746,1745003525.2738202,WARNING,person,9.33,0.001
746,1745003525.2738202,WARNING,motorcycle,8.56,0.109
746,1745003525.2738202,WARNING,person,8.87,0.002
746,1745003525.2738202,WARNING,motorcycle,9.03,0.029
747,1745003533.4428806,WARNING,motorcycle,7.98,0.140
747,1745003533.4428806,WARNING,person,8.99,0.000
747,1745003533.4428806,WARNING,person,8.10,0.044
747,1745003533.4428806,WARNING,person,9.28,0.011
748,1745003541.451791,WARNING,person,8.83,0.000
748,1745003541.451791,WARNING,motorcycle,7.86,0.189
748,1745003541.451791,WARNING,person,7.95,0.039
748,1745003541.451791,WARNING,person,9.18,0.015
748,1745003541.451791,WARNING,motorcycle,8.54,0.000
749,1745003549.6762714,WARNING,motorcycle,7.99,0.182
749,1745003549.6762714,WARNING,motorcycle,9.31,0.060
749,1745003549.6762714,WARNING,person,9.54,0.033
749,1745003549.6762714,WARNING,person,8.35,0.000
749,1745003549.6762714,WARNING,bus,9.86,0.253
749,1745003549.6762714,WARNING,person,8.11,0.040
749,1745003549.6762714,WARNING,motorcycle,8.31,0.000
750,1745003557.6517005,WARNING,motorcycle,7.99,0.178
750,1745003557.6517005,WARNING,motorcycle,9.13,0.063
750,1745003557.6517005,WARNING,person,8.18,0.046
750,1745003557.6517005,WARNING,person,9.44,0.042
750,1745003557.6517005,WARNING,person,8.64,0.000
751,1745003566.0387092,WARNING,motorcycle,8.78,0.054
751,1745003566.0387092,WARNING,motorcycle,7.95,0.206
751,1745003566.0387092,WARNING,person,8.07,0.053
751,1745003566.0387092,WARNING,car,9.78,0.000
752,1745003574.0600963,WARNING,motorcycle,8.04,0.043
752,1745003574.0600963,WARNING,motorcycle,7.68,0.116
752,1745003574.0600963,WARNING,person,7.73,0.060
752,1745003574.0600963,WARNING,person,8.51,0.000
752,1745003574.0600963,WARNING,bus,9.85,0.000
753,1745003582.3521273,WARNING,person,7.41,0.000
753,1745003582.3521273,WARNING,motorcycle,7.58,0.025
753,1745003582.3521273,WARNING,person,7.89,0.000
753,1745003582.3521273,WARNING,motorcycle,7.18,0.060
753,1745003582.3521273,WARNING,bus,9.42,0.309
753,1745003582.3521273,WARNING,person,9.44,0.003
753,1745003582.3521273,WARNING,car,9.75,0.000
754,1745003590.1947381,WARNING,motorcycle,6.86,0.001
754,1745003590.1947381,WARNING,bus,8.75,0.368
754,1745003590.1947381,WARNING,person,7.00,0.000
754,1745003590.1947381,WARNING,person,7.07,0.000
754,1745003590.1947381,WARNING,motorcycle,6.92,0.000
755,1745003598.4026282,STOP,bus,inf,0.425
756,1745003606.3629656,STOP,bus,inf,0.469
757,1745003614.6651607,STOP,bus,inf,0.570
758,1745003622.8838365,STOP,bus,inf,0.610
759,1745003630.8405576,STOP,bus,inf,0.662
760,1745003638.748165,STOP,bus,inf,0.742
761,1745003646.8429902,STOP,bus,inf,0.749
762,1745003654.941403,STOP,bus,inf,0.816
763,1745003663.0068295,STOP,bus,inf,0.842
764,1745003670.9897592,STOP,bus,inf,0.812
765,1745003678.902739,STOP,bus,inf,0.826
766,1745003686.9584343,STOP,bus,inf,0.846
767,1745003695.2635806,STOP,bus,inf,0.812
768,1745003703.0566862,STOP,bus,inf,0.794
769,1745003710.6473525,STOP,bus,inf,0.789
770,1745003718.4438956,STOP,bus,inf,0.812
771,1745003726.6132226,STOP,bus,inf,0.807
772,1745003734.378029,STOP,bus,inf,0.808
773,1745003742.220466,STOP,bus,inf,0.861
774,1745003750.1848822,STOP,bus,inf,0.926
775,1745003757.972206,STOP,bus,inf,0.945
776,1745003765.8382463,STOP,bus,inf,0.938
777,1745003773.6972084,STOP,bus,inf,0.947
778,1745003781.2617836,STOP,bus,inf,0.977
779,1745003789.40154,STOP,bus,inf,0.990
780,1745003797.2932096,STOP,bus,inf,1.000
781,1745003805.220125,STOP,train,inf,1.000
782,1745003813.0521102,STOP,train,inf,1.000
783,1745003821.064401,STOP,bus,inf,0.993
784,1745003828.8340867,STOP,bus,inf,0.971
785,1745003836.6828647,STOP,bus,inf,0.960
786,1745003844.8080983,STOP,bus,inf,0.966
787,1745003852.4977515,STOP,bus,inf,0.963
788,1745003860.2766833,STOP,bus,inf,0.971
789,1745003868.1014545,STOP,bus,inf,0.976
790,1745003876.143443,STOP,bus,inf,0.996
791,1745003884.2290742,STOP,bus,inf,0.995
792,1745003891.819623,STOP,bus,inf,0.985
793,1745003899.5507164,STOP,bus,inf,0.961
794,1745003907.3030064,STOP,bus,inf,0.957
795,1745003915.3089502,STOP,bus,inf,0.956
796,1745003923.2213538,STOP,Unknown Obstacle,5.21,1.000
797,1745003931.3331957,STOP,airplane,inf,0.841
798,1745003939.365149,STOP,Unknown Obstacle,4.95,1.000
799,1745003947.6520202,STOP,train,inf,0.638
800,1745003955.6586711,STOP,Unknown Obstacle,5.32,1.000
800,1745003955.6586711,STOP,person,8.77,0.009
801,1745003963.8073373,STOP,truck,3.36,0.283
802,1745003972.215858,WARNING,person,3.22,0.000
803,1745003980.671969,CLEAR,none,inf,0.0
804,1745003989.04497,CLEAR,none,inf,0.0
805,1745003997.02001,CLEAR,none,inf,0.0
806,1745004004.9142249,CLEAR,none,inf,0.0
807,1745004012.834375,CLEAR,none,inf,0.0
808,1745004020.8269887,CLEAR,none,inf,0.0
809,1745004029.2532496,CLEAR,none,inf,0.0
810,1745004037.4149058,CLEAR,none,inf,0.0
811,1745004045.6541893,WARNING,motorcycle,9.92,0.000
812,1745004053.4904416,WARNING,motorcycle,9.58,0.000
813,1745004061.3870645,CLEAR,none,inf,0.0
814,1745004069.1461928,CLEAR,none,inf,0.0
815,1745004077.284862,CLEAR,none,inf,0.0
816,1745004085.3075826,WARNING,motorcycle,5.02,0.000
817,1745004093.5211823,WARNING,motorcycle,4.81,0.000
818,1745004101.8243413,WARNING,motorcycle,5.11,0.000
818,1745004101.8243413,WARNING,person,5.33,0.000
819,1745004110.0429316,WARNING,motorcycle,6.00,0.000
819,1745004110.0429316,WARNING,person,6.91,0.000
820,1745004118.1389496,WARNING,person,8.29,0.000
820,1745004118.1389496,WARNING,motorcycle,7.28,0.000
821,1745004126.8194034,WARNING,motorcycle,8.54,0.000
821,1745004126.8194034,WARNING,person,9.79,0.000
822,1745004135.2664921,WARNING,motorcycle,9.41,0.006
823,1745004143.284833,CLEAR,none,inf,0.0
824,1745004152.0074954,CLEAR,none,inf,0.0
825,1745004160.321302,CLEAR,none,inf,0.0
826,1745004168.8786628,CLEAR,none,inf,0.0
827,1745004176.8706923,CLEAR,none,inf,0.0
828,1745004185.2050042,CLEAR,none,inf,0.0
829,1745004193.0968027,CLEAR,none,inf,0.0
830,1745004201.2516067,CLEAR,none,inf,0.0
831,1745004209.217817,CLEAR,none,inf,0.0
832,1745004217.2557447,WARNING,person,9.58,0.000
833,1745004225.7182097,WARNING,person,9.27,0.000
834,1745004234.2258797,WARNING,person,8.44,0.000
835,1745004242.155283,WARNING,person,8.15,0.000
836,1745004250.0761793,WARNING,person,8.03,0.000
837,1745004258.1121094,WARNING,person,7.46,0.000
838,1745004266.2911828,WARNING,person,6.92,0.000
839,1745004274.5423775,WARNING,person,9.74,0.000
839,1745004274.5423775,WARNING,person,9.28,0.000
840,1745004282.8793595,WARNING,motorcycle,9.93,0.000
840,1745004282.8793595,WARNING,person,9.50,0.000
841,1745004290.879555,WARNING,motorcycle,9.54,0.000
842,1745004298.7741685,STOP,motorcycle,9.44,0.000
843,1745004306.6079218,WARNING,motorcycle,9.05,0.000
844,1745004314.878101,WARNING,motorcycle,8.36,0.000
845,1745004323.1857865,WARNING,motorcycle,8.07,0.000
846,1745004331.4013932,CLEAR,none,inf,0.0
847,1745004339.3199892,WARNING,motorcycle,7.20,0.000
848,1745004347.582643,CLEAR,none,inf,0.0
849,1745004355.6019907,CLEAR,none,inf,0.0
850,1745004363.7946734,CLEAR,none,inf,0.0
851,1745004371.7155292,CLEAR,none,inf,0.0
852,1745004379.610107,CLEAR,none,inf,0.0
853,1745004387.4801567,CLEAR,none,inf,0.0
854,1745004395.359355,CLEAR,none,inf,0.0
855,1745004403.2519827,CLEAR,none,inf,0.0
856,1745004411.3809872,CLEAR,none,inf,0.0
857,1745004419.579378,CLEAR,none,inf,0.0
858,1745004427.8707016,CLEAR,none,inf,0.0
859,1745004435.778334,CLEAR,none,inf,0.0
860,1745004443.9328485,CLEAR,none,inf,0.0
861,1745004452.3168805,CLEAR,none,inf,0.0
862,1745004460.4147997,WARNING,motorcycle,9.55,0.069
863,1745004468.4452147,WARNING,motorcycle,9.41,0.076
863,1745004468.4452147,WARNING,bus,9.26,0.043
864,1745004476.3955007,WARNING,motorcycle,9.04,0.080
864,1745004476.3955007,WARNING,car,7.95,0.000
865,1745004484.7829866,WARNING,motorcycle,8.56,0.078
866,1745004492.679671,WARNING,motorcycle,8.37,0.077
867,1745004500.9194875,WARNING,motorcycle,8.29,0.066
868,1745004509.0160985,WARNING,motorcycle,7.58,0.058
869,1745004517.0597992,WARNING,motorcycle,7.36,0.055
869,1745004517.0597992,WARNING,person,9.96,0.015
870,1745004525.2351756,WARNING,motorcycle,7.17,0.048
870,1745004525.2351756,WARNING,person,8.88,0.013
871,1745004533.2686427,WARNING,motorcycle,6.98,0.035
872,1745004541.323577,WARNING,motorcycle,6.69,0.041
873,1745004549.2223723,WARNING,person,9.77,0.004
873,1745004549.2223723,WARNING,motorcycle,6.06,0.034
874,1745004557.3136568,WARNING,person,9.12,0.000
874,1745004557.3136568,WARNING,motorcycle,5.84,0.006
875,1745004565.6284115,WARNING,person,9.08,0.000
876,1745004573.7910502,WARNING,person,8.96,0.000
876,1745004573.7910502,WARNING,motorcycle,5.29,0.000
877,1745004581.8716774,WARNING,person,7.08,0.000
877,1745004581.8716774,WARNING,motorcycle,5.29,0.000
878,1745004590.1923368,WARNING,person,6.90,0.000
878,1745004590.1923368,WARNING,motorcycle,4.92,0.000
879,1745004598.46184,WARNING,person,6.45,0.000
880,1745004606.6054847,WARNING,person,5.99,0.000
880,1745004606.6054847,WARNING,motorcycle,3.77,0.000
881,1745004615.0144968,WARNING,person,5.15,0.000
881,1745004615.0144968,WARNING,motorcycle,9.58,0.052
882,1745004623.395043,WARNING,motorcycle,9.30,0.055
882,1745004623.395043,WARNING,person,9.65,0.000
883,1745004631.5592792,WARNING,person,9.62,0.055
883,1745004631.5592792,WARNING,motorcycle,8.53,0.062
883,1745004631.5592792,WARNING,person,4.39,0.000
884,1745004639.6043873,WARNING,person,8.57,0.063
884,1745004639.6043873,WARNING,motorcycle,7.89,0.058
884,1745004639.6043873,WARNING,person,4.51,0.000
885,1745004647.657196,WARNING,person,8.28,0.064
885,1745004647.657196,WARNING,motorcycle,7.44,0.049
885,1745004647.657196,WARNING,person,9.55,0.000
886,1745004655.7951567,WARNING,person,7.85,0.061
886,1745004655.7951567,WARNING,motorcycle,6.91,0.032
886,1745004655.7951567,WARNING,person,7.87,0.000
887,1745004663.9268248,WARNING,person,7.55,0.033
887,1745004663.9268248,WARNING,person,8.10,0.000
887,1745004663.9268248,WARNING,motorcycle,6.03,0.007
888,1745004672.0673077,WARNING,person,7.07,0.015
888,1745004672.0673077,WARNING,person,7.20,0.000
888,1745004672.0673077,WARNING,motorcycle,5.64,0.000
889,1745004680.2907963,WARNING,person,6.86,0.000
889,1745004680.2907963,WARNING,person,6.87,0.000
889,1745004680.2907963,WARNING,motorcycle,5.26,0.000
890,1745004688.575093,WARNING,person,6.68,0.000
890,1745004688.575093,WARNING,motorcycle,4.76,0.000
891,1745004696.7022963,WARNING,person,6.47,0.000
891,1745004696.7022963,WARNING,motorcycle,4.33,0.000
892,1745004704.9902458,WARNING,person,5.88,0.000
892,1745004704.9902458,WARNING,person,8.44,0.000
892,1745004704.9902458,WARNING,motorcycle,4.29,0.000
892,1745004704.9902458,WARNING,motorcycle,8.00,0.000
893,1745004713.0494761,WARNING,person,5.19,0.000
893,1745004713.0494761,WARNING,motorcycle,4.34,0.000
894,1745004721.2669091,WARNING,motorcycle,9.69,0.047
894,1745004721.2669091,WARNING,person,4.65,0.000
894,1745004721.2669091,WARNING,motorcycle,4.39,0.000
894,1745004721.2669091,WARNING,person,5.08,0.000
895,1745004729.5986598,WARNING,motorcycle,9.14,0.039
895,1745004729.5986598,WARNING,person,4.28,0.000
895,1745004729.5986598,WARNING,motorcycle,4.34,0.000
896,1745004737.7883165,WARNING,motorcycle,8.50,0.038
896,1745004737.7883165,WARNING,motorcycle,4.82,0.000
897,1745004746.169173,WARNING,person,9.74,0.065
897,1745004746.169173,WARNING,motorcycle,8.26,0.049
897,1745004746.169173,WARNING,bicycle,4.23,0.000
898,1745004754.4754088,WARNING,person,8.90,0.080
898,1745004754.4754088,WARNING,motorcycle,7.63,0.055
898,1745004754.4754088,WARNING,person,9.00,0.006
898,1745004754.4754088,WARNING,motorcycle,4.04,0.000
899,1745004762.8533664,WARNING,person,8.39,0.085
899,1745004762.8533664,WARNING,motorcycle,7.15,0.060
899,1745004762.8533664,WARNING,motorcycle,6.39,0.000
899,1745004762.8533664,WARNING,person,8.60,0.004
900,1745004771.0140185,WARNING,person,7.77,0.085
900,1745004771.0140185,WARNING,motorcycle,5.79,0.000
900,1745004771.0140185,WARNING,person,6.35,0.000
900,1745004771.0140185,WARNING,motorcycle,6.32,0.045
900,1745004771.0140185,WARNING,person,8.02,0.002
901,1745004779.537675,WARNING,motorcycle,6.74,0.000
901,1745004779.537675,WARNING,person,7.54,0.063
901,1745004779.537675,WARNING,person,8.14,0.000
901,1745004779.537675,WARNING,motorcycle,6.06,0.028
901,1745004779.537675,WARNING,person,7.89,0.000
901,1745004779.537675,WARNING,person,8.58,0.004
902,1745004788.2334712,WARNING,motorcycle,8.01,0.006
902,1745004788.2334712,WARNING,person,6.82,0.031
902,1745004788.2334712,WARNING,person,9.01,0.000
902,1745004788.2334712,WARNING,motorcycle,5.62,0.017
902,1745004788.2334712,WARNING,person,8.60,0.000
903,1745004796.4092352,STOP,person,6.75,0.023
903,1745004796.4092352,STOP,motorcycle,9.55,0.011
903,1745004796.4092352,STOP,motorcycle,5.26,0.009
903,1745004796.4092352,STOP,person,7.99,0.000
903,1745004796.4092352,STOP,person,7.96,0.000
904,1745004804.7362058,STOP,person,6.19,0.024
904,1745004804.7362058,STOP,motorcycle,10.00,0.000
904,1745004804.7362058,STOP,person,9.75,0.000
904,1745004804.7362058,STOP,motorcycle,4.79,0.003
904,1745004804.7362058,STOP,motorcycle,7.85,0.000
904,1745004804.7362058,STOP,person,7.13,0.000
905,1745004813.0784214,STOP,person,5.88,0.012
905,1745004813.0784214,STOP,person,6.78,0.000
905,1745004813.0784214,STOP,motorcycle,4.49,0.019
905,1745004813.0784214,STOP,person,7.10,0.000
906,1745004821.1483479,WARNING,person,5.54,0.000
906,1745004821.1483479,WARNING,motorcycle,4.04,0.005
906,1745004821.1483479,WARNING,person,6.46,0.000
907,1745004829.6276429,WARNING,person,5.20,0.000
908,1745004838.1134148,WARNING,person,4.54,0.000
908,1745004838.1134148,WARNING,motorcycle,4.05,0.000
909,1745004846.6767633,WARNING,person,4.47,0.000
909,1745004846.6767633,WARNING,motorcycle,4.94,0.000
909,1745004846.6767633,WARNING,motorcycle,9.10,0.000
909,1745004846.6767633,WARNING,motorcycle,9.15,0.000
910,1745004855.0788598,WARNING,person,9.95,0.080
910,1745004855.0788598,WARNING,motorcycle,8.88,0.000
910,1745004855.0788598,WARNING,person,9.96,0.000
910,1745004855.0788598,WARNING,motorcycle,3.72,0.000
910,1745004855.0788598,WARNING,person,4.99,0.000
911,1745004863.1217978,WARNING,person,9.41,0.084
911,1745004863.1217978,WARNING,motorcycle,4.26,0.000
912,1745004871.19864,WARNING,person,9.16,0.093
912,1745004871.19864,WARNING,motorcycle,3.99,0.000
913,1745004879.2524896,WARNING,person,7.69,0.096
914,1745004887.5589993,WARNING,person,7.49,0.104
915,1745004896.0728521,STOP,person,6.99,0.094
915,1745004896.0728521,STOP,motorcycle,9.72,0.000
916,1745004904.3888404,STOP,person,6.71,0.100
916,1745004904.3888404,STOP,motorcycle,9.61,0.000
917,1745004912.4660192,STOP,person,6.45,0.105
917,1745004912.4660192,STOP,motorcycle,9.39,0.000
918,1745004920.669245,STOP,person,6.04,0.118
918,1745004920.669245,STOP,motorcycle,8.84,0.000
919,1745004929.0452106,STOP,person,6.37,0.137
919,1745004929.0452106,STOP,motorcycle,9.20,0.000
920,1745004937.0875375,STOP,person,6.28,0.152
920,1745004937.0875375,STOP,motorcycle,9.22,0.000
921,1745004945.5543582,STOP,person,6.12,0.154
921,1745004945.5543582,STOP,motorcycle,8.60,0.000
922,1745004953.6276834,STOP,person,6.11,0.147
922,1745004953.6276834,STOP,motorcycle,8.31,0.000
923,1745004961.6452744,STOP,person,5.77,0.164
923,1745004961.6452744,STOP,motorcycle,8.39,0.000
924,1745004969.739715,STOP,person,5.73,0.128
924,1745004969.739715,STOP,motorcycle,8.20,0.000
925,1745004978.1593876,STOP,person,5.52,0.099
925,1745004978.1593876,STOP,motorcycle,7.63,0.000
926,1745004986.2907689,STOP,person,5.03,0.074
926,1745004986.2907689,STOP,motorcycle,7.13,0.000
927,1745004994.4193168,STOP,person,5.12,0.067
927,1745004994.4193168,STOP,motorcycle,7.37,0.000
928,1745005002.259378,STOP,person,5.18,0.005
929,1745005010.1169791,WARNING,person,4.77,0.000
930,1745005018.088313,WARNING,person,3.71,0.000
930,1745005018.088313,WARNING,person,4.78,0.000
931,1745005026.0554094,WARNING,person,3.35,0.000
932,1745005033.8213189,CLEAR,none,inf,0.0
933,1745005041.839325,CLEAR,none,inf,0.0
934,1745005049.6334183,CLEAR,none,inf,0.0
935,1745005057.5284214,CLEAR,none,inf,0.0
936,1745005065.68047,CLEAR,none,inf,0.0
937,1745005073.7664871,WARNING,motorcycle,9.54,0.000
938,1745005081.7065852,CLEAR,none,inf,0.0
939,1745005089.469429,CLEAR,none,inf,0.0
940,1745005097.1940722,CLEAR,none,inf,0.0
941,1745005105.1768937,CLEAR,none,inf,0.0
942,1745005112.918498,CLEAR,none,inf,0.0
943,1745005120.714348,CLEAR,none,inf,0.0
944,1745005128.540136,CLEAR,none,inf,0.0
945,1745005136.4442747,WARNING,person,9.80,0.034
945,1745005136.4442747,WARNING,truck,9.79,0.156
946,1745005144.6210308,WARNING,person,9.67,0.034
946,1745005144.6210308,WARNING,truck,9.67,0.152
947,1745005152.614017,WARNING,truck,9.66,0.160
948,1745005160.430066,WARNING,truck,9.77,0.151
949,1745005168.3182354,WARNING,truck,9.59,0.151
950,1745005176.15606,WARNING,truck,9.02,0.178
951,1745005184.1008239,WARNING,person,9.57,0.033
951,1745005184.1008239,WARNING,truck,8.67,0.209
952,1745005192.0562382,WARNING,truck,8.59,0.218
952,1745005192.0562382,WARNING,person,9.48,0.025
953,1745005200.0363274,WARNING,truck,8.40,0.229
953,1745005200.0363274,WARNING,person,8.96,0.018
954,1745005207.7813702,WARNING,truck,8.31,0.248
954,1745005207.7813702,WARNING,person,8.85,0.010
955,1745005215.420479,WARNING,truck,8.05,0.268
956,1745005223.1584213,WARNING,truck,7.97,0.271
957,1745005230.8261461,WARNING,truck,7.84,0.286
957,1745005230.8261461,WARNING,car,8.52,0.000
958,1745005238.597357,STOP,car,8.30,0.000
958,1745005238.597357,STOP,truck,7.46,0.367
959,1745005246.230551,STOP,car,7.97,0.000
959,1745005246.230551,STOP,truck,7.18,0.386
960,1745005254.2231617,STOP,truck,inf,0.473
961,1745005261.9229941,STOP,truck,inf,0.561
962,1745005269.545767,STOP,truck,inf,0.574
963,1745005277.3328938,STOP,truck,inf,0.573
964,1745005285.2357855,STOP,Unknown Obstacle,6.05,1.000
964,1745005285.2357855,STOP,person,8.97,0.000
965,1745005292.8360286,STOP,truck,inf,0.680
966,1745005299.7537189,STOP,truck,inf,0.695
967,1745005306.749717,STOP,Unknown Obstacle,5.93,1.000
968,1745005313.8995194,STOP,Unknown Obstacle,5.76,1.000
969,1745005321.736772,STOP,truck,inf,0.707
970,1745005329.5846643,STOP,Unknown Obstacle,5.57,1.000
971,1745005337.8867304,STOP,Unknown Obstacle,5.67,1.000
972,1745005346.018949,STOP,Unknown Obstacle,5.61,1.000
973,1745005353.8866992,STOP,Unknown Obstacle,5.33,1.000
974,1745005361.9291701,STOP,person,6.97,0.006
975,1745005369.9301145,STOP,none,inf,0.0
976,1745005377.808935,STOP,none,inf,0.0
977,1745005385.907676,STOP,none,inf,0.0
978,1745005393.8566282,CLEAR,none,inf,0.0
979,1745005401.7542386,CLEAR,none,inf,0.0
980,1745005409.698913,CLEAR,none,inf,0.0
981,1745005417.6440759,CLEAR,none,inf,0.0
982,1745005425.576618,CLEAR,none,inf,0.0
983,1745005433.519948,WARNING,bus,6.78,0.000
984,1745005441.3517368,WARNING,bus,5.41,0.057
984,1745005441.3517368,WARNING,car,5.39,0.000
985,1745005449.032268,WARNING,bus,5.37,0.082
985,1745005449.032268,WARNING,car,5.01,0.000
986,1745005456.8665783,STOP,bus,5.06,0.114
987,1745005464.9251132,STOP,bus,5.07,0.125
988,1745005473.227557,STOP,bus,5.13,0.129
989,1745005481.1075182,STOP,train,4.94,0.138
990,1745005489.2050624,STOP,bus,4.84,0.184
990,1745005489.2050624,STOP,train,4.86,0.191
991,1745005497.0992117,STOP,bus,4.86,0.152
992,1745005504.9392533,STOP,bus,4.65,0.159
992,1745005504.9392533,STOP,train,4.66,0.167
993,1745005512.474674,STOP,bus,5.04,0.192
994,1745005519.9015455,STOP,bus,4.80,0.182
995,1745005527.3976302,STOP,bus,5.17,0.173
996,1745005534.8612041,STOP,bus,5.98,0.195
997,1745005542.9269454,WARNING,bus,6.87,0.169
997,1745005542.9269454,WARNING,person,7.00,0.000
998,1745005550.8012118,WARNING,bus,7.74,0.170
998,1745005550.8012118,WARNING,person,7.85,0.000
999,1745005558.9411573,WARNING,bus,8.11,0.183
999,1745005558.9411573,WARNING,person,8.19,0.000
1000,1745005566.8980997,WARNING,bus,9.14,0.158
1000,1745005566.8980997,WARNING,person,9.20,0.000
1001,1745005574.8725758,WARNING,bus,9.65,0.139
1001,1745005574.8725758,WARNING,person,9.75,0.003
1002,1745005582.7891943,CLEAR,none,inf,0.0
1003,1745005590.8298507,WARNING,motorcycle,9.32,0.000
1004,1745005598.8396628,WARNING,motorcycle,9.17,0.000
1005,1745005606.8873572,CLEAR,none,inf,0.0
1006,1745005614.9705346,WARNING,bicycle,8.24,0.000
1007,1745005623.2108195,WARNING,motorcycle,7.97,0.000
1007,1745005623.2108195,WARNING,motorcycle,6.62,0.000
1007,1745005623.2108195,WARNING,person,8.17,0.000
1008,1745005631.235395,WARNING,motorcycle,7.07,0.000
1008,1745005631.235395,WARNING,person,9.07,0.000
1008,1745005631.235395,WARNING,person,8.98,0.000
1008,1745005631.235395,WARNING,motorcycle,9.69,0.000
1008,1745005631.235395,WARNING,person,7.56,0.000
1009,1745005639.3130476,WARNING,person,9.97,0.000
1009,1745005639.3130476,WARNING,person,9.82,0.000
1009,1745005639.3130476,WARNING,motorcycle,6.84,0.000
1009,1745005639.3130476,WARNING,motorcycle,9.96,0.000
1009,1745005639.3130476,WARNING,person,6.98,0.000
1010,1745005647.5025456,WARNING,motorcycle,7.63,0.000
1010,1745005647.5025456,WARNING,person,8.30,0.000
1011,1745005655.8294027,WARNING,person,9.00,0.000
1011,1745005655.8294027,WARNING,motorcycle,8.65,0.000
1012,1745005664.3977208,WARNING,person,9.94,0.000
1012,1745005664.3977208,WARNING,motorcycle,9.58,0.000
1013,1745005672.4700694,CLEAR,none,inf,0.0
1014,1745005680.5467439,CLEAR,none,inf,0.0
1015,1745005688.742814,WARNING,motorcycle,8.75,0.000
1016,1745005697.0425282,WARNING,person,8.99,0.000
1016,1745005697.0425282,WARNING,motorcycle,8.81,0.000
1017,1745005705.4321303,WARNING,motorcycle,8.99,0.000
1017,1745005705.4321303,WARNING,person,9.66,0.000
1018,1745005713.7507997,CLEAR,none,inf,0.0
1019,1745005722.0243607,CLEAR,none,inf,0.0
1020,1745005730.2436442,CLEAR,none,inf,0.0
1021,1745005738.2776947,WARNING,truck,9.82,0.041
1022,1745005746.6317616,WARNING,motorcycle,8.99,0.000
